url,WeekID,Week Position,Song,Performer,SongID,Instance,Previous Week Position,Peak Position,Weeks on Chart,Genre_1,decade
http://www.billboard.com/charts/hot-100/1962-04-07,4/7/1962,60,The Twist,Chubby Checker,The TwistChubby Checker,2,44,1,40,Pop,1958-1969
http://www.billboard.com/charts/hot-100/1966-10-29,10/29/1966,35,Wipe Out,The Surfaris,Wipe OutThe Surfaris,2,30,16,30,Rock,1958-1969
http://www.billboard.com/charts/hot-100/1966-10-29,10/29/1966,35,Wipe Out,The Surfaris,Wipe OutThe Surfaris,2,30,16,30,Pop,1958-1969
http://www.billboard.com/charts/hot-100/1962-12-29,12/29/1962,28,The Little Drummer Boy,The Harry Simeone Chorale,The Little Drummer BoyThe Harry Simeone Chorale,5,33,28,29,Seasonal,1958-1969
http://www.billboard.com/charts/hot-100/1966-01-22,1/22/1966,48,Harlem Nocturne,The Viscounts,Harlem NocturneThe Viscounts,2,42,39,29,Rock,1958-1969
http://www.billboard.com/charts/hot-100/1960-04-16,4/16/1960,91,Running Bear,Johnny Preston,Running BearJohnny Preston,2,81,1,27,Pop,1958-1969
http://www.billboard.com/charts/hot-100/1962-06-09,6/9/1962,54,Moon River,Henry Mancini And His Orchestra,Moon RiverHenry Mancini And His Orchestra,2,44,32,27,Jazz,1958-1969
http://www.billboard.com/charts/hot-100/1962-06-09,6/9/1962,54,Moon River,Henry Mancini And His Orchestra,Moon RiverHenry Mancini And His Orchestra,2,44,32,27,Pop,1958-1969
http://www.billboard.com/charts/hot-100/1959-10-17,10/17/1959,85,Robbin' The Cradle,Tony Bellus,Robbin' The CradleTony Bellus,1,84,25,26,Rock,1958-1969
http://www.billboard.com/charts/hot-100/1959-10-17,10/17/1959,85,Robbin' The Cradle,Tony Bellus,Robbin' The CradleTony Bellus,1,84,25,26,Pop,1958-1969
http://www.billboard.com/charts/hot-100/1960-02-13,2/13/1960,76,Mack The Knife,Bobby Darin,Mack The KnifeBobby Darin,1,59,1,26,Classical,1958-1969
http://www.billboard.com/charts/hot-100/1960-02-13,2/13/1960,76,Mack The Knife,Bobby Darin,Mack The KnifeBobby Darin,1,59,1,26,Jazz,1958-1969
http://www.billboard.com/charts/hot-100/1960-02-13,2/13/1960,76,Mack The Knife,Bobby Darin,Mack The KnifeBobby Darin,1,59,1,26,Vocal/Easy Listening,1958-1969
http://www.billboard.com/charts/hot-100/1960-02-13,2/13/1960,76,Mack The Knife,Bobby Darin,Mack The KnifeBobby Darin,1,59,1,26,Pop,1958-1969
http://www.billboard.com/charts/hot-100/1960-11-05,11/5/1960,69,Finger Poppin' Time,Hank Ballard And The Midnighters,Finger Poppin' TimeHank Ballard And The Midnighters,1,57,7,26,R&B/Soul,1958-1969
http://www.billboard.com/charts/hot-100/1961-07-15,7/15/1961,74,Never On Sunday,Don Costa And His Orchestra And Chorus,Never On SundayDon Costa And His Orchestra And Chorus,2,59,37,26,Vocal/Easy Listening,1958-1969
http://www.billboard.com/charts/hot-100/1968-09-21,9/21/1968,25,Sunshine Of Your Love,Cream,Sunshine Of Your LoveCream,2,13,5,26,Classic Rock,1958-1969
http://www.billboard.com/charts/hot-100/1959-01-17,1/17/1959,90,Chantilly Lace,Big Bopper,Chantilly LaceBig Bopper,1,67,6,25,Rock,1958-1969
http://www.billboard.com/charts/hot-100/1969-10-18,10/18/1969,28,Get Together,The Youngbloods,Get TogetherThe Youngbloods,2,16,5,25,Folk Rock,1958-1969
http://www.billboard.com/charts/hot-100/1959-03-21,3/21/1959,77,A Lover's Question,Clyde McPhatter,A Lover's QuestionClyde McPhatter,2,53,6,24,Classic R&B,1958-1969
http://www.billboard.com/charts/hot-100/1959-03-21,3/21/1959,77,A Lover's Question,Clyde McPhatter,A Lover's QuestionClyde McPhatter,2,53,6,24,Pop,1958-1969
http://www.billboard.com/charts/hot-100/1960-05-28,5/28/1960,63,Sweet Nothin's,Brenda Lee,Sweet Nothin'sBrenda Lee,1,32,4,24,Pop,1958-1969
http://www.billboard.com/charts/hot-100/1960-07-09,7/9/1960,61,Sixteen Reasons,Connie Stevens,Sixteen ReasonsConnie Stevens,1,40,3,24,Pop,1958-1969
http://www.billboard.com/charts/hot-100/1962-02-03,2/3/1962,54,Let's Twist Again,Chubby Checker,Let's Twist AgainChubby Checker,2,52,22,24,Pop,1958-1969
http://www.billboard.com/charts/hot-100/1962-02-10,2/10/1962,67,Please Mr. Postman,The Marvelettes,Please Mr. PostmanThe Marvelettes,1,50,1,24,Classic Soul,1958-1969
http://www.billboard.com/charts/hot-100/1962-02-10,2/10/1962,67,Please Mr. Postman,The Marvelettes,Please Mr. PostmanThe Marvelettes,1,50,1,24,Blues,1958-1969
http://www.billboard.com/charts/hot-100/1962-02-10,2/10/1962,67,Please Mr. Postman,The Marvelettes,Please Mr. PostmanThe Marvelettes,1,50,1,24,R&B/Soul,1958-1969
http://www.billboard.com/charts/hot-100/1962-02-10,2/10/1962,67,Please Mr. Postman,The Marvelettes,Please Mr. PostmanThe Marvelettes,1,50,1,24,Pop,1958-1969
http://www.billboard.com/charts/hot-100/1962-03-10,3/10/1962,64,Dreamy Eyes,Johnny Tillotson,Dreamy EyesJohnny Tillotson,3,53,35,24,Country,1958-1969
http://www.billboard.com/charts/hot-100/1959-04-25,4/25/1959,98,Donna,Ritchie Valens,DonnaRitchie Valens,1,49,2,23,Rock,1958-1969
http://www.billboard.com/charts/hot-100/1960-05-28,5/28/1960,54,He'll Have To Go,Jim Reeves,He'll Have To GoJim Reeves,1,37,2,23,Country music,1958-1969
http://www.billboard.com/charts/hot-100/1960-05-28,5/28/1960,54,He'll Have To Go,Jim Reeves,He'll Have To GoJim Reeves,1,37,2,23,Jazz,1958-1969
http://www.billboard.com/charts/hot-100/1960-05-28,5/28/1960,54,He'll Have To Go,Jim Reeves,He'll Have To GoJim Reeves,1,37,2,23,Folk,1958-1969
http://www.billboard.com/charts/hot-100/1960-10-29,10/29/1960,85,I'm Sorry,Brenda Lee,I'm SorryBrenda Lee,1,63,1,23,Classical,1958-1969
http://www.billboard.com/charts/hot-100/1960-10-29,10/29/1960,85,I'm Sorry,Brenda Lee,I'm SorryBrenda Lee,1,63,1,23,Jazz,1958-1969
http://www.billboard.com/charts/hot-100/1960-10-29,10/29/1960,85,I'm Sorry,Brenda Lee,I'm SorryBrenda Lee,1,63,1,23,Vocal/Easy Listening,1958-1969
http://www.billboard.com/charts/hot-100/1960-10-29,10/29/1960,85,I'm Sorry,Brenda Lee,I'm SorryBrenda Lee,1,63,1,23,Rock,1958-1969
http://www.billboard.com/charts/hot-100/1960-10-29,10/29/1960,85,I'm Sorry,Brenda Lee,I'm SorryBrenda Lee,1,63,1,23,Country,1958-1969
http://www.billboard.com/charts/hot-100/1960-10-29,10/29/1960,85,I'm Sorry,Brenda Lee,I'm SorryBrenda Lee,1,63,1,23,Pop,1958-1969
http://www.billboard.com/charts/hot-100/1961-02-18,2/18/1961,50,North To Alaska,Johnny Horton,North To AlaskaJohnny Horton,1,35,4,23,Country,1958-1969
http://www.billboard.com/charts/hot-100/1961-09-23,9/23/1961,52,Tossin' And Turnin',Bobby Lewis,Tossin' And Turnin'Bobby Lewis,1,16,1,23,Rock,1958-1969
http://www.billboard.com/charts/hot-100/1963-02-09,2/9/1963,47,Limbo Rock,Chubby Checker,Limbo RockChubby Checker,1,29,2,23,Rock,1958-1969
http://www.billboard.com/charts/hot-100/1963-02-09,2/9/1963,47,Limbo Rock,Chubby Checker,Limbo RockChubby Checker,1,29,2,23,Pop,1958-1969
http://www.billboard.com/charts/hot-100/1964-06-13,6/13/1964,48,Tall Cool One,The Wailers,Tall Cool OneThe Wailers,2,41,38,23,Rock,1958-1969
http://www.billboard.com/charts/hot-100/1968-10-05,10/5/1968,87,Light My Fire,The Doors,Light My FireThe Doors,2,87,87,23,Psychedelic Rock,1958-1969
http://www.billboard.com/charts/hot-100/1968-10-05,10/5/1968,87,Light My Fire,The Doors,Light My FireThe Doors,2,87,87,23,Rock,1958-1969
http://www.billboard.com/charts/hot-100/1969-07-26,7/26/1969,45,But It's Alright,J.J. Jackson,But It's AlrightJ.J. Jackson,2,45,45,23,Pop,1958-1969
http://www.billboard.com/charts/hot-100/1969-11-08,11/8/1969,32,I'll Never Fall In Love Again,Tom Jones,I'll Never Fall In Love AgainTom Jones,2,19,6,23,Pop,1958-1969
http://www.billboard.com/charts/hot-100/1959-01-10,1/10/1959,58,It's All In The Game,Tommy Edwards,It's All In The GameTommy Edwards,1,43,1,22,Classical,1958-1969
http://www.billboard.com/charts/hot-100/1959-01-10,1/10/1959,58,It's All In The Game,Tommy Edwards,It's All In The GameTommy Edwards,1,43,1,22,R&B/Soul,1958-1969
http://www.billboard.com/charts/hot-100/1959-01-10,1/10/1959,58,It's All In The Game,Tommy Edwards,It's All In The GameTommy Edwards,1,43,1,22,Pop,1958-1969
http://www.billboard.com/charts/hot-100/1960-03-26,3/26/1960,94,You Got What It Takes,Marv Johnson,You Got What It TakesMarv Johnson,1,65,10,22,R&B/Soul,1958-1969
http://www.billboard.com/charts/hot-100/1960-04-02,4/2/1960,97,El Paso,Marty Robbins,El PasoMarty Robbins,1,86,1,22,Country music,1958-1969
http://www.billboard.com/charts/hot-100/1960-04-02,4/2/1960,97,El Paso,Marty Robbins,El PasoMarty Robbins,1,86,1,22,Jazz,1958-1969
http://www.billboard.com/charts/hot-100/1960-04-02,4/2/1960,97,El Paso,Marty Robbins,El PasoMarty Robbins,1,86,1,22,Country,1958-1969
http://www.billboard.com/charts/hot-100/1958-12-20,12/20/1958,91,Rock-in Robin,Bobby Day,Rock-in RobinBobby Day,1,69,2,21,Classic Soul,1958-1969
http://www.billboard.com/charts/hot-100/1959-01-10,1/10/1959,59,Topsy II,Cozy Cole,Topsy IICozy Cole,1,42,3,21,Rock,1958-1969
http://www.billboard.com/charts/hot-100/1959-01-31,1/31/1959,93,It's Only Make Believe,Conway Twitty,It's Only Make BelieveConway Twitty,1,65,1,21,Country,1958-1969
http://www.billboard.com/charts/hot-100/1959-02-14,2/14/1959,86,Tom Dooley,The Kingston Trio,Tom DooleyThe Kingston Trio,1,53,1,21,Folk,1958-1969
http://www.billboard.com/charts/hot-100/1959-04-11,4/11/1959,64,16 Candles,The Crests,16 CandlesThe Crests,1,51,2,21,Doo-wop,1958-1969
http://www.billboard.com/charts/hot-100/1959-04-11,4/11/1959,72,Lonely Teardrops,Jackie Wilson,Lonely TeardropsJackie Wilson,1,71,7,21,Pop,1958-1969
http://www.billboard.com/charts/hot-100/1959-04-25,4/25/1959,86,Stagger Lee,Lloyd Price,Stagger LeeLloyd Price,1,64,1,21,R&B/Soul,1958-1969
http://www.billboard.com/charts/hot-100/1959-04-25,4/25/1959,70,I Cried A Tear,LaVern Baker,I Cried A TearLaVern Baker,1,58,6,21,R&B/Soul,1958-1969
http://www.billboard.com/charts/hot-100/1959-09-12,9/12/1959,91,The Battle Of New Orleans,Johnny Horton,The Battle Of New OrleansJohnny Horton,1,42,1,21,Country,1958-1969
http://www.billboard.com/charts/hot-100/1960-01-02,1/2/1960,74,Primrose Lane,Jerry Wallace With The Jewels,Primrose LaneJerry Wallace With The Jewels,1,60,8,21,Country,1958-1969
http://www.billboard.com/charts/hot-100/1960-01-02,1/2/1960,44,Just As Much As Ever,Bob Beckham,Just As Much As EverBob Beckham,2,38,32,21,Pop,1958-1969
http://www.billboard.com/charts/hot-100/1960-05-28,5/28/1960,74,The Theme From A Summer Place,Percy Faith And His Orchestra,"The Theme From ""A Summer Place""Percy Faith And His Orchestra",1,52,1,21,Jazz,1958-1969
http://www.billboard.com/charts/hot-100/1960-07-30,7/30/1960,80,Lonely Weekends,Charlie Rich,Lonely WeekendsCharlie Rich,1,73,22,21,Rock,1958-1969
http://www.billboard.com/charts/hot-100/1960-10-22,10/22/1960,96,Only The Lonely (Know How I Feel),Roy Orbison,Only The Lonely (Know How I Feel)Roy Orbison,1,72,2,21,Pop,1958-1969
http://www.billboard.com/charts/hot-100/1961-04-01,4/1/1961,49,Exodus,Ferrante & Teicher,ExodusFerrante & Teicher,1,36,2,21,Vocal/Easy Listening,1958-1969
http://www.billboard.com/charts/hot-100/1962-04-28,4/28/1962,76,The Ballad Of Thunder Road,Robert Mitchum,The Ballad Of Thunder RoadRobert Mitchum,3,72,65,21,Pop,1958-1969
http://www.billboard.com/charts/hot-100/1962-08-04,8/4/1962,68,Stranger On The Shore,Mr. Acker Bilk,Stranger On The ShoreMr. Acker Bilk,1,53,1,21,Pop,1958-1969
http://www.billboard.com/charts/hot-100/1962-12-29,12/29/1962,63,I Left My Heart In San Francisco,Tony Bennett,I Left My Heart In San FranciscoTony Bennett,1,57,19,21,Classical,1958-1969
http://www.billboard.com/charts/hot-100/1962-12-29,12/29/1962,63,I Left My Heart In San Francisco,Tony Bennett,I Left My Heart In San FranciscoTony Bennett,1,57,19,21,Vocal/Easy Listening,1958-1969
http://www.billboard.com/charts/hot-100/1962-12-29,12/29/1962,63,I Left My Heart In San Francisco,Tony Bennett,I Left My Heart In San FranciscoTony Bennett,1,57,19,21,Jazz,1958-1969
http://www.billboard.com/charts/hot-100/1962-12-29,12/29/1962,63,I Left My Heart In San Francisco,Tony Bennett,I Left My Heart In San FranciscoTony Bennett,1,57,19,21,Pop,1958-1969
http://www.billboard.com/charts/hot-100/1978-05-27,5/27/1978,99,I Go Crazy,Paul Davis,I Go CrazyPaul Davis,1,95,7,40,Pop,1970-1979
http://www.billboard.com/charts/hot-100/1973-12-22,12/22/1973,52,Why Me,Kris Kristofferson,Why MeKris Kristofferson,1,38,16,38,Country music,1970-1979
http://www.billboard.com/charts/hot-100/1973-12-22,12/22/1973,52,Why Me,Kris Kristofferson,Why MeKris Kristofferson,1,38,16,38,Country,1970-1979
http://www.billboard.com/charts/hot-100/1973-09-15,9/15/1973,31,Monster Mash,"Bobby ""Boris"" Pickett And The Crypt-Kickers","Monster MashBobby ""Boris"" Pickett And The Crypt-Kickers",3,25,10,37,Seasonal,1970-1979
http://www.billboard.com/charts/hot-100/1978-05-06,5/6/1978,59,How Deep Is Your Love,Bee Gees,How Deep Is Your LoveBee Gees,1,55,1,33,Classical,1970-1979
http://www.billboard.com/charts/hot-100/1978-05-06,5/6/1978,59,How Deep Is Your Love,Bee Gees,How Deep Is Your LoveBee Gees,1,55,1,33,Disco,1970-1979
http://www.billboard.com/charts/hot-100/1978-05-06,5/6/1978,59,How Deep Is Your Love,Bee Gees,How Deep Is Your LoveBee Gees,1,55,1,33,Vocal/Easy Listening,1970-1979
http://www.billboard.com/charts/hot-100/1978-05-06,5/6/1978,59,How Deep Is Your Love,Bee Gees,How Deep Is Your LoveBee Gees,1,55,1,33,Pop,1970-1979
http://www.billboard.com/charts/hot-100/1976-01-24,1/24/1976,64,Feelings,Morris Albert,FeelingsMorris Albert,1,66,6,32,Soft rock,1970-1979
http://www.billboard.com/charts/hot-100/1978-05-06,5/6/1978,91,Baby Come Back,Player,Baby Come BackPlayer,1,96,1,32,Pop,1970-1979
http://www.billboard.com/charts/hot-100/1971-06-26,6/26/1971,22,Superstar,Murray Head With The Trinidad Singers,SuperstarMurray Head With The Trinidad Singers,3,17,14,31,Classical,1970-1979
http://www.billboard.com/charts/hot-100/1971-06-26,6/26/1971,22,Superstar,Murray Head With The Trinidad Singers,SuperstarMurray Head With The Trinidad Singers,3,17,14,31,Musicals,1970-1979
http://www.billboard.com/charts/hot-100/1977-11-19,11/19/1977,97,I Just Want To Be Your Everything,Andy Gibb,I Just Want To Be Your EverythingAndy Gibb,1,62,1,31,Country music,1970-1979
http://www.billboard.com/charts/hot-100/1977-11-19,11/19/1977,97,I Just Want To Be Your Everything,Andy Gibb,I Just Want To Be Your EverythingAndy Gibb,1,62,1,31,Disco,1970-1979
http://www.billboard.com/charts/hot-100/1977-11-19,11/19/1977,97,I Just Want To Be Your Everything,Andy Gibb,I Just Want To Be Your EverythingAndy Gibb,1,62,1,31,Pop,1970-1979
http://www.billboard.com/charts/hot-100/1979-01-06,1/6/1979,97,Hot Child In The City,Nick Gilder,Hot Child In The CityNick Gilder,1,99,1,31,Rock,1970-1979
http://www.billboard.com/charts/hot-100/1979-02-03,2/3/1979,93,I Love The Nightlife (Disco 'round),Alicia Bridges,I Love The Nightlife (Disco 'round)Alicia Bridges,1,93,5,31,Disco,1970-1979
http://www.billboard.com/charts/hot-100/1979-02-03,2/3/1979,93,I Love The Nightlife (Disco 'round),Alicia Bridges,I Love The Nightlife (Disco 'round)Alicia Bridges,1,93,5,31,R&B/Soul,1970-1979
http://www.billboard.com/charts/hot-100/1979-02-03,2/3/1979,93,I Love The Nightlife (Disco 'round),Alicia Bridges,I Love The Nightlife (Disco 'round)Alicia Bridges,1,93,5,31,Dance/Electronic,1970-1979
http://www.billboard.com/charts/hot-100/1979-02-03,2/3/1979,93,I Love The Nightlife (Disco 'round),Alicia Bridges,I Love The Nightlife (Disco 'round)Alicia Bridges,1,93,5,31,Rock,1970-1979
http://www.billboard.com/charts/hot-100/1979-02-03,2/3/1979,93,I Love The Nightlife (Disco 'round),Alicia Bridges,I Love The Nightlife (Disco 'round)Alicia Bridges,1,93,5,31,Pop,1970-1979
http://www.billboard.com/charts/hot-100/1976-05-22,5/22/1976,97,Dream On,Aerosmith,Dream OnAerosmith,2,62,6,29,Classic Rock,1970-1979
http://www.billboard.com/charts/hot-100/1976-05-22,5/22/1976,97,Dream On,Aerosmith,Dream OnAerosmith,2,62,6,29,Hard Rock,1970-1979
http://www.billboard.com/charts/hot-100/1977-12-03,12/3/1977,97,Devil's Gun,C.J. & Company,Devil's GunC.J. & Company,1,68,36,29,R&B/Soul,1970-1979
http://www.billboard.com/charts/hot-100/1977-12-03,12/3/1977,97,Devil's Gun,C.J. & Company,Devil's GunC.J. & Company,1,68,36,29,Dance/Electronic,1970-1979
http://www.billboard.com/charts/hot-100/1978-05-20,5/20/1978,93,(Love Is) Thicker Than Water,Andy Gibb,(Love Is) Thicker Than WaterAndy Gibb,1,47,1,29,Country music,1970-1979
http://www.billboard.com/charts/hot-100/1978-05-20,5/20/1978,93,(Love Is) Thicker Than Water,Andy Gibb,(Love Is) Thicker Than WaterAndy Gibb,1,47,1,29,Disco,1970-1979
http://www.billboard.com/charts/hot-100/1978-05-20,5/20/1978,93,(Love Is) Thicker Than Water,Andy Gibb,(Love Is) Thicker Than WaterAndy Gibb,1,47,1,29,Pop,1970-1979
http://www.billboard.com/charts/hot-100/1978-07-01,7/1/1978,99,Disco Inferno,The Trammps,Disco InfernoThe Trammps,2,92,11,29,Dance/Electronic,1970-1979
http://www.billboard.com/charts/hot-100/1974-10-05,10/5/1974,98,One Hell Of A Woman,Mac Davis,One Hell Of A WomanMac Davis,1,54,11,28,Country,1970-1979
http://www.billboard.com/charts/hot-100/1976-03-13,3/13/1976,55,Breaking Up Is Hard To Do,Neil Sedaka,Breaking Up Is Hard To DoNeil Sedaka,2,18,8,28,Jazz,1970-1979
http://www.billboard.com/charts/hot-100/1976-03-13,3/13/1976,55,Breaking Up Is Hard To Do,Neil Sedaka,Breaking Up Is Hard To DoNeil Sedaka,2,18,8,28,R&B/Soul,1970-1979
http://www.billboard.com/charts/hot-100/1976-03-13,3/13/1976,55,Breaking Up Is Hard To Do,Neil Sedaka,Breaking Up Is Hard To DoNeil Sedaka,2,18,8,28,Seasonal,1970-1979
http://www.billboard.com/charts/hot-100/1976-03-13,3/13/1976,55,Breaking Up Is Hard To Do,Neil Sedaka,Breaking Up Is Hard To DoNeil Sedaka,2,18,8,28,Vocal/Easy Listening,1970-1979
http://www.billboard.com/charts/hot-100/1976-03-13,3/13/1976,55,Breaking Up Is Hard To Do,Neil Sedaka,Breaking Up Is Hard To DoNeil Sedaka,2,18,8,28,Adult Contemporary,1970-1979
http://www.billboard.com/charts/hot-100/1976-03-13,3/13/1976,55,Breaking Up Is Hard To Do,Neil Sedaka,Breaking Up Is Hard To DoNeil Sedaka,2,18,8,28,Alternative/Indie,1970-1979
http://www.billboard.com/charts/hot-100/1976-03-13,3/13/1976,55,Breaking Up Is Hard To Do,Neil Sedaka,Breaking Up Is Hard To DoNeil Sedaka,2,18,8,28,Metal,1970-1979
http://www.billboard.com/charts/hot-100/1976-03-13,3/13/1976,55,Breaking Up Is Hard To Do,Neil Sedaka,Breaking Up Is Hard To DoNeil Sedaka,2,18,8,28,Rock,1970-1979
http://www.billboard.com/charts/hot-100/1976-03-13,3/13/1976,55,Breaking Up Is Hard To Do,Neil Sedaka,Breaking Up Is Hard To DoNeil Sedaka,2,18,8,28,Pop,1970-1979
http://www.billboard.com/charts/hot-100/1976-04-03,4/3/1976,72,Venus,Frankie Avalon,VenusFrankie Avalon,2,54,46,28,Pop,1970-1979
http://www.billboard.com/charts/hot-100/1976-04-03,4/3/1976,72,Venus,Frankie Avalon,VenusFrankie Avalon,2,54,46,28,Disco,1970-1979
http://www.billboard.com/charts/hot-100/1976-05-01,5/1/1976,71,Love Machine (Part 1),The Miracles,Love Machine (Part 1)The Miracles,1,56,1,28,Classic Soul,1970-1979
http://www.billboard.com/charts/hot-100/1976-08-07,8/7/1976,96,Sara Smile,Daryl Hall John Oates,Sara SmileDaryl Hall John Oates,1,55,4,28,Pop,1970-1979
http://www.billboard.com/charts/hot-100/1976-12-04,12/4/1976,95,A Fifth Of Beethoven,Walter Murphy & The Big Apple Band,A Fifth Of BeethovenWalter Murphy & The Big Apple Band,1,36,1,28,Disco,1970-1979
http://www.billboard.com/charts/hot-100/1976-12-04,12/4/1976,97,She's Gone,Daryl Hall John Oates,She's GoneDaryl Hall John Oates,2,39,7,28,Rock,1970-1979
http://www.billboard.com/charts/hot-100/1977-11-19,11/19/1977,66,On And On,Stephen Bishop,On And OnStephen Bishop,2,50,11,28,Pop,1970-1979
http://www.billboard.com/charts/hot-100/1978-04-22,4/22/1978,97,Falling,LeBlanc & Carr,FallingLeBlanc & Carr,1,50,13,28,R&B/Soul,1970-1979
http://www.billboard.com/charts/hot-100/1978-09-09,9/9/1978,97,Dance With Me,Peter Brown With Betty Wright,Dance With MePeter Brown With Betty Wright,1,91,8,28,R&B/Soul,1970-1979
http://www.billboard.com/charts/hot-100/1975-09-27,9/27/1975,62,Black Superman,Johnny Wakelin & The Kinshasa Band,"Black Superman - ""Muhammad Ali""Johnny Wakelin & The Kinshasa Band",2,30,21,27,Reggae,1970-1979
http://www.billboard.com/charts/hot-100/1975-09-27,9/27/1975,62,Black Superman,Johnny Wakelin & The Kinshasa Band,"Black Superman - ""Muhammad Ali""Johnny Wakelin & The Kinshasa Band",2,30,21,27,Rock,1970-1979
http://www.billboard.com/charts/hot-100/1975-09-27,9/27/1975,62,Black Superman,Johnny Wakelin & The Kinshasa Band,"Black Superman - ""Muhammad Ali""Johnny Wakelin & The Kinshasa Band",2,30,21,27,Pop,1970-1979
http://www.billboard.com/charts/hot-100/1975-09-27,9/27/1975,62,Black Superman,Johnny Wakelin & The Kinshasa Band,"Black Superman - ""Muhammad Ali""Johnny Wakelin & The Kinshasa Band",2,30,21,27,Hip-Hop/Rap,1970-1979
http://www.billboard.com/charts/hot-100/1976-10-16,10/16/1976,72,Love Is Alive,Gary Wright,Love Is AliveGary Wright,1,72,2,27,Progressive/Art Rock,1970-1979
http://www.billboard.com/charts/hot-100/1977-02-12,2/12/1977,51,I Never Cry,Alice Cooper,I Never CryAlice Cooper,2,51,12,27,Rock,1970-1979
http://www.billboard.com/charts/hot-100/1977-05-07,5/7/1977,95,I Like Dreamin',Kenny Nolan,I Like Dreamin'Kenny Nolan,1,46,3,27,Pop,1970-1979
http://www.billboard.com/charts/hot-100/1977-08-20,8/20/1977,61,Angel In Your Arms,Hot,Angel In Your ArmsHot,1,55,6,27,Rock,1970-1979
http://www.billboard.com/charts/hot-100/1977-11-05,11/5/1977,99,(your Love Has Lifted Me) Higher And Higher,Rita Coolidge,(your Love Has Lifted Me) Higher And HigherRita Coolidge,1,99,2,27,Rock,1970-1979
http://www.billboard.com/charts/hot-100/1978-01-07,1/7/1978,97,Send In The Clowns,Judy Collins,Send In The ClownsJudy Collins,2,63,19,27,Folk,1970-1979
http://www.billboard.com/charts/hot-100/1978-01-21,1/21/1978,100,Boogie Nights,Heatwave,Boogie NightsHeatwave,1,96,2,27,Disco,1970-1979
http://www.billboard.com/charts/hot-100/1978-05-13,5/13/1978,97,Just The Way You Are,Billy Joel,Just The Way You AreBilly Joel,1,92,3,27,Pop,1970-1979
http://www.billboard.com/charts/hot-100/1978-05-20,5/20/1978,100,Emotion,Samantha Sang,EmotionSamantha Sang,1,98,3,27,Disco,1970-1979
http://www.billboard.com/charts/hot-100/1978-06-10,6/10/1978,98,Stayin' Alive,Bee Gees,Stayin' AliveBee Gees,1,71,1,27,Classical,1970-1979
http://www.billboard.com/charts/hot-100/1978-06-10,6/10/1978,98,Stayin' Alive,Bee Gees,Stayin' AliveBee Gees,1,71,1,27,Disco,1970-1979
http://www.billboard.com/charts/hot-100/1978-06-10,6/10/1978,98,Stayin' Alive,Bee Gees,Stayin' AliveBee Gees,1,71,1,27,Vocal/Easy Listening,1970-1979
http://www.billboard.com/charts/hot-100/1978-06-10,6/10/1978,98,Stayin' Alive,Bee Gees,Stayin' AliveBee Gees,1,71,1,27,Pop,1970-1979
http://www.billboard.com/charts/hot-100/1979-06-16,6/16/1979,95,I Will Survive,Gloria Gaynor,I Will SurviveGloria Gaynor,1,95,1,27,Jazz,1970-1979
http://www.billboard.com/charts/hot-100/1979-06-16,6/16/1979,95,I Will Survive,Gloria Gaynor,I Will SurviveGloria Gaynor,1,95,1,27,Disco,1970-1979
http://www.billboard.com/charts/hot-100/1979-06-16,6/16/1979,95,I Will Survive,Gloria Gaynor,I Will SurviveGloria Gaynor,1,95,1,27,R&B/Soul,1970-1979
http://www.billboard.com/charts/hot-100/1979-06-16,6/16/1979,95,I Will Survive,Gloria Gaynor,I Will SurviveGloria Gaynor,1,95,1,27,Dance/Electronic,1970-1979
http://www.billboard.com/charts/hot-100/1979-06-16,6/16/1979,95,I Will Survive,Gloria Gaynor,I Will SurviveGloria Gaynor,1,95,1,27,Pop,1970-1979
http://www.billboard.com/charts/hot-100/1979-11-17,11/17/1979,94,Sad Eyes,Robert John,Sad EyesRobert John,1,66,1,27,Pop,1970-1979
http://www.billboard.com/charts/hot-100/1971-11-27,11/27/1971,34,I've Found Someone Of My Own,The Free Movement,I've Found Someone Of My OwnThe Free Movement,2,11,5,26,R&B/Soul,1970-1979
http://www.billboard.com/charts/hot-100/1976-10-09,10/9/1976,98,Get Closer,Seals & Crofts,Get CloserSeals & Crofts (Featuring Carolyn Willis),1,83,6,26,Rock,1970-1979
http://www.billboard.com/charts/hot-100/1976-10-09,10/9/1976,96,Kiss And Say Goodbye,The Manhattans,Kiss And Say GoodbyeThe Manhattans,1,76,1,26,Pop,1970-1979
http://www.billboard.com/charts/hot-100/1977-10-08,10/8/1977,91,Whatcha Gonna Do,Pablo Cruise,Whatcha Gonna Do?Pablo Cruise,1,91,6,26,Rock,1970-1979
http://www.billboard.com/charts/hot-100/1978-02-04,2/4/1978,95,Don't It Make My Brown Eyes Blue,Crystal Gayle,Don't It Make My Brown Eyes BlueCrystal Gayle,1,51,2,26,Country,1970-1979
http://www.billboard.com/charts/hot-100/1978-02-04,2/4/1978,95,Don't It Make My Brown Eyes Blue,Crystal Gayle,Don't It Make My Brown Eyes BlueCrystal Gayle,1,51,2,26,Country music,1970-1979
http://www.billboard.com/charts/hot-100/1979-01-06,1/6/1979,96,You Needed Me,Anne Murray,You Needed MeAnne Murray,1,96,1,26,Country music,1970-1979
http://www.billboard.com/charts/hot-100/1979-04-14,4/14/1979,100,Y.M.C.A.,Village People,Y.M.C.A.Village People,1,71,2,26,Disco,1970-1979
http://www.billboard.com/charts/hot-100/1972-08-19,8/19/1972,34,Layla,Derek & The Dominos,LaylaDerek & The Dominos,2,16,10,25,Classic Rock,1970-1979
http://www.billboard.com/charts/hot-100/1972-08-19,8/19/1972,34,Layla,Derek & The Dominos,LaylaDerek & The Dominos,2,16,10,25,Blues Rock,1970-1979
http://www.billboard.com/charts/hot-100/1974-04-27,4/27/1974,58,Rock On,David Essex,Rock OnDavid Essex,1,42,5,25,Rock,1970-1979
http://www.billboard.com/charts/hot-100/1974-09-07,9/7/1974,99,You Make Me Feel Brand New,The Stylistics,You Make Me Feel Brand NewThe Stylistics,1,98,2,25,R&B/Soul,1970-1979
http://www.billboard.com/charts/hot-100/1974-09-07,9/7/1974,99,You Make Me Feel Brand New,The Stylistics,You Make Me Feel Brand NewThe Stylistics,1,98,2,25,Classic Soul,1970-1979
http://www.billboard.com/charts/hot-100/1974-10-05,10/5/1974,43,Surfin' U.S.A.,The Beach Boys,Surfin' U.S.A.The Beach Boys,2,36,36,25,Surf,1970-1979
http://www.billboard.com/charts/hot-100/1974-10-05,10/5/1974,43,Surfin' U.S.A.,The Beach Boys,Surfin' U.S.A.The Beach Boys,2,36,36,25,Rock,1970-1979
http://www.billboard.com/charts/hot-100/1974-10-05,10/5/1974,43,Surfin' U.S.A.,The Beach Boys,Surfin' U.S.A.The Beach Boys,2,36,36,25,Pop,1970-1979
http://www.billboard.com/charts/hot-100/1975-11-29,11/29/1975,78,Ballroom Blitz,Sweet,Ballroom BlitzSweet,1,59,5,25,Glam Rock,1970-1979
http://www.billboard.com/charts/hot-100/1976-09-25,9/25/1976,83,Turn The Beat Around,Vicki Sue Robinson,Turn The Beat AroundVicki Sue Robinson,1,54,10,25,Pop,1970-1979
http://www.billboard.com/charts/hot-100/1982-11-06,11/6/1982,97,Tainted Love,Soft Cell,Tainted LoveSoft Cell,1,97,8,43,Electrepop,1980-1989
http://www.billboard.com/charts/hot-100/1982-11-06,11/6/1982,97,Tainted Love,Soft Cell,Tainted LoveSoft Cell,1,97,8,43,New wave/Post-punk,1980-1989
http://www.billboard.com/charts/hot-100/1989-12-02,12/2/1989,92,What About Me,Moving Pictures,What About MeMoving Pictures,2,81,46,43,Rock,1980-1989
http://www.billboard.com/charts/hot-100/1985-01-12,1/12/1985,98,I'm So Excited,The Pointer Sisters,I'm So ExcitedThe Pointer Sisters,2,96,9,40,Contemporary R&B,1980-1989
http://www.billboard.com/charts/hot-100/1985-01-12,1/12/1985,98,I'm So Excited,The Pointer Sisters,I'm So ExcitedThe Pointer Sisters,2,96,9,40,R&B/Soul,1980-1989
http://www.billboard.com/charts/hot-100/1985-01-12,1/12/1985,98,I'm So Excited,The Pointer Sisters,I'm So ExcitedThe Pointer Sisters,2,96,9,40,DancePop,1980-1989
http://www.billboard.com/charts/hot-100/1985-01-12,1/12/1985,98,I'm So Excited,The Pointer Sisters,I'm So ExcitedThe Pointer Sisters,2,96,9,40,Pop,1980-1989
http://www.billboard.com/charts/hot-100/1989-01-28,1/28/1989,93,Red Red Wine,UB40,Red Red WineUB40,2,78,1,40,Reggae,1980-1989
http://www.billboard.com/charts/hot-100/1989-08-26,8/26/1989,96,Into The Night,Benny Mardones,Into The NightBenny Mardones,2,78,20,37,Pop,1980-1989
http://www.billboard.com/charts/hot-100/1983-03-12,3/12/1983,98,Gloria,Laura Branigan,GloriaLaura Branigan,1,98,2,36,Pop,1980-1989
http://www.billboard.com/charts/hot-100/1989-08-05,8/5/1989,92,Where Are You Now,Jimmy Harnen,Where Are You Now?Jimmy Harnen With Synch,2,89,10,36,Rock,1980-1989
http://www.billboard.com/charts/hot-100/1987-02-21,2/21/1987,85,Stand By Me,Ben E. King,Stand By MeBen E. King,2,64,9,35,Pop,1980-1989
http://www.billboard.com/charts/hot-100/1987-02-21,2/21/1987,85,Stand By Me,Ben E. King,Stand By MeBen E. King,2,64,9,35,Rhythm and blues,1980-1989
http://www.billboard.com/charts/hot-100/1988-09-17,9/17/1988,87,Do You Love Me,The Contours,Do You Love MeThe Contours,2,71,11,34,Rhythm and blues,1980-1989
http://www.billboard.com/charts/hot-100/1988-09-17,9/17/1988,87,Do You Love Me,The Contours,Do You Love MeThe Contours,2,71,11,34,R&B/Soul,1980-1989
http://www.billboard.com/charts/hot-100/1988-09-17,9/17/1988,87,Do You Love Me,The Contours,Do You Love MeThe Contours,2,71,11,34,Rock,1980-1989
http://www.billboard.com/charts/hot-100/1981-10-31,10/31/1981,87,Jessie's Girl,Rick Springfield,Jessie's GirlRick Springfield,1,70,1,32,Hard Rock,1980-1989
http://www.billboard.com/charts/hot-100/1981-03-14,3/14/1981,98,Another One Bites The Dust,Queen,Another One Bites The DustQueen,1,98,1,31,Classic Rock,1980-1989
http://www.billboard.com/charts/hot-100/1981-05-16,5/16/1981,92,Celebration,Kool & The Gang,CelebrationKool & The Gang,1,72,1,30,R&B/Soul,1980-1989
http://www.billboard.com/charts/hot-100/1982-03-20,3/20/1982,91,Our Lips Are Sealed,Go-Go's,Our Lips Are SealedGo-Go's,1,86,20,30,Pop,1980-1989
http://www.billboard.com/charts/hot-100/1984-09-29,9/29/1984,98,Borderline,Madonna,BorderlineMadonna,1,94,10,30,Pop,1980-1989
http://www.billboard.com/charts/hot-100/1988-02-06,2/6/1988,98,In My Dreams,REO Speedwagon,In My DreamsREO Speedwagon,1,95,19,30,Rock,1980-1989
http://www.billboard.com/charts/hot-100/1988-12-31,12/31/1988,93,I'll Always Love You,Taylor Dayne,I'll Always Love YouTaylor Dayne,1,93,3,30,Pop,1980-1989
http://www.billboard.com/charts/hot-100/1980-06-21,6/21/1980,96,With You I'm Born Again,Billy Preston and Syreeta,With You I'm Born AgainBilly Preston & Syreeta,1,64,4,29,R&B/Soul,1980-1989
http://www.billboard.com/charts/hot-100/1980-06-21,6/21/1980,96,With You I'm Born Again,Billy Preston and Syreeta,With You I'm Born AgainBilly Preston & Syreeta,1,64,4,29,Rock,1980-1989
http://www.billboard.com/charts/hot-100/1980-06-21,6/21/1980,96,With You I'm Born Again,Billy Preston and Syreeta,With You I'm Born AgainBilly Preston & Syreeta,1,64,4,29,Blues,1980-1989
http://www.billboard.com/charts/hot-100/1980-06-21,6/21/1980,96,With You I'm Born Again,Billy Preston and Syreeta,With You I'm Born AgainBilly Preston & Syreeta,1,64,4,29,Pop,1980-1989
http://www.billboard.com/charts/hot-100/1981-01-24,1/24/1981,98,Upside Down,Diana Ross,Upside DownDiana Ross,1,86,1,29,Disco,1980-1989
http://www.billboard.com/charts/hot-100/1982-05-29,5/29/1982,99,Key Largo,Bertie Higgins,Key LargoBertie Higgins,1,66,8,29,Rock,1980-1989
http://www.billboard.com/charts/hot-100/1983-04-23,4/23/1983,95,You And I,Eddie Rabbitt,You And IEddie Rabbitt With Crystal Gayle,1,81,7,29,Country,1980-1989
http://www.billboard.com/charts/hot-100/1983-04-23,4/23/1983,95,You And I,Eddie Rabbitt,You And IEddie Rabbitt With Crystal Gayle,1,81,7,29,Country music,1980-1989
http://www.billboard.com/charts/hot-100/1983-05-21,5/21/1983,94,I Know There's Something Going On,Frida,I Know There's Something Going OnFrida,1,77,13,29,Pop,1980-1989
http://www.billboard.com/charts/hot-100/1984-01-28,1/28/1984,96,Total Eclipse Of The Heart,Bonnie Tyler,Total Eclipse Of The HeartBonnie Tyler,1,87,1,29,Hard Rock,1980-1989
http://www.billboard.com/charts/hot-100/1984-01-28,1/28/1984,96,Total Eclipse Of The Heart,Bonnie Tyler,Total Eclipse Of The HeartBonnie Tyler,1,87,1,29,Pop,1980-1989
http://www.billboard.com/charts/hot-100/1984-03-31,3/31/1984,95,Break My Stride,Matthew Wilder,Break My StrideMatthew Wilder,1,91,5,29,Rock,1980-1989
http://www.billboard.com/charts/hot-100/1986-03-29,3/29/1986,98,I Miss You,Klymaxx,I Miss YouKlymaxx,1,75,5,29,Pop music,1980-1989
http://www.billboard.com/charts/hot-100/1986-03-29,3/29/1986,98,I Miss You,Klymaxx,I Miss YouKlymaxx,1,75,5,29,Funk,1980-1989
http://www.billboard.com/charts/hot-100/1987-07-04,7/4/1987,99,You Can Call Me Al,Paul Simon,You Can Call Me AlPaul Simon,2,80,23,29,Pop,1980-1989
http://www.billboard.com/charts/hot-100/1987-07-04,7/4/1987,99,You Can Call Me Al,Paul Simon,You Can Call Me AlPaul Simon,2,80,23,29,Singer-Songwriter,1980-1989
http://www.billboard.com/charts/hot-100/1988-10-29,10/29/1988,99,Hands To Heaven,Breathe,Hands To HeavenBreathe,1,82,2,29,Pop,1980-1989
http://www.billboard.com/charts/hot-100/1989-09-16,9/16/1989,93,Wind Beneath My Wings,Bette Midler,"Wind Beneath My Wings (From ""Beaches"")Bette Midler",1,86,1,29,Pop,1980-1989
http://www.billboard.com/charts/hot-100/1981-05-16,5/16/1981,95,I Love A Rainy Night,Eddie Rabbitt,I Love A Rainy NightEddie Rabbitt,1,75,1,28,Country music,1980-1989
http://www.billboard.com/charts/hot-100/1981-06-06,6/6/1981,98,Keep On Loving You,REO Speedwagon,Keep On Loving YouREO Speedwagon,1,95,1,28,Rock,1980-1989
http://www.billboard.com/charts/hot-100/1982-06-19,6/19/1982,97,Chariots Of Fire - Titles,Vangelis,Chariots Of Fire - TitlesVangelis,1,95,1,28,Rock,1980-1989
http://www.billboard.com/charts/hot-100/1982-06-19,6/19/1982,97,Chariots Of Fire - Titles,Vangelis,Chariots Of Fire - TitlesVangelis,1,95,1,28,Pop,1980-1989
http://www.billboard.com/charts/hot-100/1982-09-11,9/11/1982,97,Don't You Want Me,The Human League,Don't You Want MeThe Human League,1,87,1,28,Electropop,1980-1989
http://www.billboard.com/charts/hot-100/1982-10-30,10/30/1982,91,Hurts So Good,Mellencamp,Hurts So GoodJohn Cougar,1,77,2,28,Classic Rock,1980-1989
http://www.billboard.com/charts/hot-100/1982-10-30,10/30/1982,91,Hurts So Good,Mellencamp,Hurts So GoodJohn Cougar,1,77,2,28,Rock,1980-1989
http://www.billboard.com/charts/hot-100/1984-11-24,11/24/1984,91,What's Love Got To Do With It,Tina Turner,What's Love Got To Do With ItTina Turner,1,78,1,28,Pop,1980-1989
http://www.billboard.com/charts/hot-100/1987-11-14,11/14/1987,91,Only In My Dreams,Debbie Gibson,Only In My DreamsDebbie Gibson,1,65,4,28,TeenPop,1980-1989
http://www.billboard.com/charts/hot-100/1988-01-09,1/9/1988,99,Here I Go Again,Whitesnake,Here I Go AgainWhitesnake,1,98,1,28,Hard Rock,1980-1989
http://www.billboard.com/charts/hot-100/1988-12-31,12/31/1988,94,Please Don't Go Girl,New Kids On The Block,Please Don't Go GirlNew Kids On The Block,1,94,10,28,TeenPop,1980-1989
http://www.billboard.com/charts/hot-100/1988-12-31,12/31/1988,94,Please Don't Go Girl,New Kids On The Block,Please Don't Go GirlNew Kids On The Block,1,94,10,28,Pop,1980-1989
http://www.billboard.com/charts/hot-100/1989-03-11,3/11/1989,93,Kokomo,The Beach Boys,"Kokomo (From""Cocktail"" )The Beach Boys",1,78,1,28,Rock,1980-1989
http://www.billboard.com/charts/hot-100/1989-03-11,3/11/1989,93,Kokomo,The Beach Boys,"Kokomo (From""Cocktail"" )The Beach Boys",1,78,1,28,Pop,1980-1989
http://www.billboard.com/charts/hot-100/1989-04-15,4/15/1989,84,When I'm With You,Sheriff,When I'm With YouSheriff,2,76,1,28,Pop,1980-1989
http://www.billboard.com/charts/hot-100/1989-08-19,8/19/1989,82,In Your Eyes,Peter Gabriel,"In Your Eyes (Theme From ""Say Anything"")Peter Gabriel",2,70,41,28,Rock,1980-1989
http://www.billboard.com/charts/hot-100/1989-09-16,9/16/1989,80,Hooked On You,Sweet Sensation,Hooked On YouSweet Sensation,2,63,23,28,R&B/Soul,1980-1989
http://www.billboard.com/charts/hot-100/1980-04-19,4/19/1980,93,Do That To Me One More Time,Captain & Tennille,Do That To Me One More TimeCaptain & Tennille,1,53,1,27,Pop,1980-1989
http://www.billboard.com/charts/hot-100/1980-12-13,12/13/1980,97,All Out Of Love,Air Supply,All Out Of LoveAir Supply,1,85,2,27,Soft rock,1980-1989
http://www.billboard.com/charts/hot-100/1980-12-13,12/13/1980,97,All Out Of Love,Air Supply,All Out Of LoveAir Supply,1,85,2,27,Rock,1980-1989
http://www.billboard.com/charts/hot-100/1981-08-22,8/22/1981,95,I Love You,Climax Blues Band,I Love YouClimax Blues Band,1,95,12,27,Rock,1980-1989
http://www.billboard.com/charts/hot-100/1981-08-22,8/22/1981,95,I Love You,Climax Blues Band,I Love YouClimax Blues Band,1,95,12,27,Blues,1980-1989
http://www.billboard.com/charts/hot-100/1981-09-05,9/5/1981,97,A Woman Needs Love,Ray Parker Jr. & Raydio,A Woman Needs Love (Just Like You Do)Ray Parker Jr. & Raydio,1,93,4,27,Funk,1980-1989
http://www.billboard.com/charts/hot-100/1981-11-28,11/28/1981,99,Queen Of Hearts,Juice Newton,Queen Of HeartsJuice Newton,1,93,2,27,Country music,1980-1989
http://www.billboard.com/charts/hot-100/1981-11-28,11/28/1981,99,Queen Of Hearts,Juice Newton,Queen Of HeartsJuice Newton,1,93,2,27,Country,1980-1989
http://www.billboard.com/charts/hot-100/1982-01-09,1/9/1982,100,Endless Love,Diana Ross & Lionel Richie,Endless LoveDiana Ross & Lionel Richie,1,95,1,27,Classic Soul,1980-1989
http://www.billboard.com/charts/hot-100/1982-01-09,1/9/1982,100,Endless Love,Diana Ross & Lionel Richie,Endless LoveDiana Ross & Lionel Richie,1,95,1,27,Contemporary R&B,1980-1989
http://www.billboard.com/charts/hot-100/1982-07-24,7/24/1982,96,867-5309jenny,Tommy Tutone,867-5309/jennyTommy Tutone,1,87,4,27,Rock,1980-1989
http://www.billboard.com/charts/hot-100/1983-01-08,1/8/1983,95,Who Can It Be Now,Men At Work,Who Can It Be Now?Men At Work,1,95,1,27,Pop,1980-1989
http://www.billboard.com/charts/hot-100/1983-02-19,2/19/1983,94,Steppin' Out,Joe Jackson,Steppin' OutJoe Jackson,1,94,6,27,New Wave/Post-Punk,1980-1989
http://www.billboard.com/charts/hot-100/1983-02-19,2/19/1983,94,Steppin' Out,Joe Jackson,Steppin' OutJoe Jackson,1,94,6,27,Pop,1980-1989
http://www.billboard.com/charts/hot-100/1983-02-19,2/19/1983,94,Steppin' Out,Joe Jackson,Steppin' OutJoe Jackson,1,94,6,27,Hip-Hop/Rap,1980-1989
http://www.billboard.com/charts/hot-100/1983-03-05,3/5/1983,96,Mickey,Toni Basil,MickeyToni Basil,1,88,1,27,Pop,1980-1989
http://www.billboard.com/charts/hot-100/1998-10-10,10/10/1998,45,How Do I Live,LeAnn Rimes,How Do I LiveLeAnn Rimes,1,48,2,69,Country music,1990-1999
http://www.billboard.com/charts/hot-100/1998-10-10,10/10/1998,45,How Do I Live,LeAnn Rimes,How Do I LiveLeAnn Rimes,1,48,2,69,Country,1990-1999
http://www.billboard.com/charts/hot-100/1998-02-21,2/21/1998,47,You Were Meant For Me,Jewel,Foolish Games/You Were Meant For MeJewel,1,42,2,65,Pop,1990-1999
http://www.billboard.com/charts/hot-100/1997-02-08,2/8/1997,44,Macarena (Bayside Boys Mix),Los Del Rio,Macarena (Bayside Boys Mix)Los Del Rio,2,42,1,60,Pop,1990-1999
http://www.billboard.com/charts/hot-100/1991-03-23,3/23/1991,89,Unchained Melody,The Righteous Brothers,Unchained MelodyThe Righteous Brothers,3,85,13,57,Country,1990-1999
http://www.billboard.com/charts/hot-100/1998-11-21,11/21/1998,50,I Don't Want To Wait,Paula Cole,I Don't Want To WaitPaula Cole,1,47,11,56,Rock,1990-1999
http://www.billboard.com/charts/hot-100/1996-08-24,8/24/1996,47,Missing,Everything But The Girl,MissingEverything But The Girl,1,43,2,55,Alternative/Indie,1990-1999
http://www.billboard.com/charts/hot-100/1997-12-13,12/13/1997,50,Barely Breathing,Duncan Sheik,Barely BreathingDuncan Sheik,1,46,16,55,Pop,1990-1999
http://www.billboard.com/charts/hot-100/1999-02-13,2/13/1999,50,Too Close,Next,Too CloseNext,1,48,1,53,Contemporary R&B,1990-1999
http://www.billboard.com/charts/hot-100/1999-02-13,2/13/1999,50,Too Close,Next,Too CloseNext,1,48,1,53,R&B/Soul,1990-1999
http://www.billboard.com/charts/hot-100/1998-11-28,11/28/1998,27,Truly Madly Deeply,Savage Garden,Truly Madly DeeplySavage Garden,1,25,1,52,Adult contemporary music,1990-1999
http://www.billboard.com/charts/hot-100/1998-11-28,11/28/1998,27,Truly Madly Deeply,Savage Garden,Truly Madly DeeplySavage Garden,1,25,1,52,Pop,1990-1999
http://www.billboard.com/charts/hot-100/1998-11-28,11/28/1998,48,How's It Going To Be,Third Eye Blind,How's It Going To BeThird Eye Blind,1,48,9,52,Alternative/Indie,1990-1999
http://www.billboard.com/charts/hot-100/1996-02-24,2/24/1996,50,Run-Around,Blues Traveler,Run-AroundBlues Traveler,1,45,8,49,Rock,1990-1999
http://www.billboard.com/charts/hot-100/1997-03-01,3/1/1997,48,Counting Blue Cars,Dishwalla,Counting Blue CarsDishwalla,1,46,15,48,Hard Rock,1990-1999
http://www.billboard.com/charts/hot-100/1999-02-13,2/13/1999,47,This Kiss,Faith Hill,This KissFaith Hill,1,41,7,48,Country music,1990-1999
http://www.billboard.com/charts/hot-100/1999-02-13,2/13/1999,47,This Kiss,Faith Hill,This KissFaith Hill,1,41,7,48,Country,1990-1999
http://www.billboard.com/charts/hot-100/1996-11-02,11/2/1996,50,Nobody Knows,The Tony Rich Project,Nobody KnowsThe Tony Rich Project,1,50,2,47,Contemporary Soul,1990-1999
http://www.billboard.com/charts/hot-100/1998-07-11,7/11/1998,49,You Make Me Wanna...,Usher,You Make Me Wanna...Usher,1,50,2,47,Contemporary R&B,1990-1999
http://www.billboard.com/charts/hot-100/1996-12-21,12/21/1996,44,Follow You Down,Gin Blossoms,Follow You Down/Til I Hear It From YouGin Blossoms,1,45,9,46,Metal,1990-1999
http://www.billboard.com/charts/hot-100/1996-12-21,12/21/1996,44,Follow You Down,Gin Blossoms,Follow You Down/Til I Hear It From YouGin Blossoms,1,45,9,46,Rock,1990-1999
http://www.billboard.com/charts/hot-100/1998-10-31,10/31/1998,47,Together Again,Janet,Together AgainJanet,1,50,1,46,House music,1990-1999
http://www.billboard.com/charts/hot-100/1998-10-31,10/31/1998,47,Together Again,Janet,Together AgainJanet,1,50,1,46,Contemporary R&B,1990-1999
http://www.billboard.com/charts/hot-100/1994-04-02,4/2/1994,47,Whoomp! (There It Is),Tag Team,Whoomp! (There It Is)Tag Team,1,41,2,45,Hip-Hop/Rap,1990-1999
http://www.billboard.com/charts/hot-100/1995-04-01,4/1/1995,50,100% Pure Love,Crystal Waters,100% Pure LoveCrystal Waters,1,47,11,45,House,1990-1999
http://www.billboard.com/charts/hot-100/1995-04-01,4/1/1995,50,100% Pure Love,Crystal Waters,100% Pure LoveCrystal Waters,1,47,11,45,Dance/Electronic,1990-1999
http://www.billboard.com/charts/hot-100/1995-04-01,4/1/1995,50,100% Pure Love,Crystal Waters,100% Pure LoveCrystal Waters,1,47,11,45,Pop,1990-1999
http://www.billboard.com/charts/hot-100/1995-07-01,7/1/1995,49,Another Night,Real McCoy,Another NightReal McCoy,1,46,3,45,Eurodance,1990-1999
http://www.billboard.com/charts/hot-100/1995-07-01,7/1/1995,49,Another Night,Real McCoy,Another NightReal McCoy,1,46,3,45,Folk,1990-1999
http://www.billboard.com/charts/hot-100/1995-07-01,7/1/1995,49,Another Night,Real McCoy,Another NightReal McCoy,1,46,3,45,Pop,1990-1999
http://www.billboard.com/charts/hot-100/1994-12-24,12/24/1994,42,Come To My Window,Melissa Etheridge,Come To My WindowMelissa Etheridge,1,42,25,44,Rock,1990-1999
http://www.billboard.com/charts/hot-100/1995-07-01,7/1/1995,48,You Gotta Be,Des'ree,You Gotta BeDes'ree,1,44,5,44,Contemporary R&B,1990-1999
http://www.billboard.com/charts/hot-100/1995-07-01,7/1/1995,48,You Gotta Be,Des'ree,You Gotta BeDes'ree,1,44,5,44,Contemporary Soul,1990-1999
http://www.billboard.com/charts/hot-100/1995-08-05,8/5/1995,48,Hold My Hand,Hootie & The Blowfish,Hold My HandHootie & The Blowfish,1,40,10,44,Rock,1990-1999
http://www.billboard.com/charts/hot-100/1996-03-30,3/30/1996,50,As I Lay Me Down,Sophie B. Hawkins,As I Lay Me DownSophie B. Hawkins,1,49,6,44,Pop,1990-1999
http://www.billboard.com/charts/hot-100/1997-05-10,5/10/1997,50,Change The World,Eric Clapton,Change The WorldEric Clapton,1,48,5,43,Rock,1990-1999
http://www.billboard.com/charts/hot-100/1998-04-18,4/18/1998,48,Quit Playing Games (With My Heart),Backstreet Boys,Quit Playing Games (With My Heart)Backstreet Boys,1,47,2,43,Contemporary R&B,1990-1999
http://www.billboard.com/charts/hot-100/1998-04-18,4/18/1998,48,Quit Playing Games (With My Heart),Backstreet Boys,Quit Playing Games (With My Heart)Backstreet Boys,1,47,2,43,R&B/Soul,1990-1999
http://www.billboard.com/charts/hot-100/1998-04-18,4/18/1998,48,Quit Playing Games (With My Heart),Backstreet Boys,Quit Playing Games (With My Heart)Backstreet Boys,1,47,2,43,DancePop,1990-1999
http://www.billboard.com/charts/hot-100/1998-04-18,4/18/1998,48,Quit Playing Games (With My Heart),Backstreet Boys,Quit Playing Games (With My Heart)Backstreet Boys,1,47,2,43,Pop,1990-1999
http://www.billboard.com/charts/hot-100/1998-04-25,4/25/1998,49,Semi-Charmed Life,Third Eye Blind,Semi-Charmed LifeThird Eye Blind,1,44,4,43,Alternative/Indie,1990-1999
http://www.billboard.com/charts/hot-100/1995-03-11,3/11/1995,49,Wild Night,John Mellencamp With Me'Shell Ndegeocello,Wild NightJohn Mellencamp With Me'Shell Ndegeocello,1,49,3,42,Rock,1990-1999
http://www.billboard.com/charts/hot-100/1996-12-28,12/28/1996,46,C'mon N' Ride It (The Train),Quad City DJ's,C'mon N' Ride It (The Train)Quad City DJ's,1,41,3,42,Hip-Hop/Rap,1990-1999
http://www.billboard.com/charts/hot-100/1997-08-09,8/9/1997,47,Un-Break My Heart,Toni Braxton,Un-Break My HeartToni Braxton,1,49,1,42,Contemporary R&B,1990-1999
http://www.billboard.com/charts/hot-100/1997-08-09,8/9/1997,47,Un-Break My Heart,Toni Braxton,Un-Break My HeartToni Braxton,1,49,1,42,Pop,1990-1999
http://www.billboard.com/charts/hot-100/1997-12-06,12/6/1997,50,The Freshmen,The Verve Pipe,The FreshmenThe Verve Pipe,1,45,5,42,Alternative/Indie,1990-1999
http://www.billboard.com/charts/hot-100/1998-07-25,7/25/1998,49,Candle In The Wind 1997,Elton John,Candle In The Wind 1997/Something About The Way You Look TonightElton John,1,48,1,42,Pop,1990-1999
http://www.billboard.com/charts/hot-100/1998-11-28,11/28/1998,23,You're Still The One,Shania Twain,You're Still The OneShania Twain,1,24,2,42,Country music,1990-1999
http://www.billboard.com/charts/hot-100/1998-11-28,11/28/1998,23,You're Still The One,Shania Twain,You're Still The OneShania Twain,1,24,2,42,CountryPop,1990-1999
http://www.billboard.com/charts/hot-100/1998-11-28,11/28/1998,23,You're Still The One,Shania Twain,You're Still The OneShania Twain,1,24,2,42,Country,1990-1999
http://www.billboard.com/charts/hot-100/1992-10-10,10/10/1992,99,We Will Rock You,Queen,We Will Rock You/We Are The ChampionsQueen,2,90,52,41,Classic Rock,1990-1999
http://www.billboard.com/charts/hot-100/1994-10-08,10/8/1994,50,The Sign,Ace Of Base,The SignAce Of Base,1,47,1,41,Pop,1990-1999
http://www.billboard.com/charts/hot-100/1997-03-15,3/15/1997,49,You're Makin' Me High,Toni Braxton,You're Makin' Me High/Let It FlowToni Braxton,1,48,1,41,Contemporary R&B,1990-1999
http://www.billboard.com/charts/hot-100/1997-03-15,3/15/1997,49,You're Makin' Me High,Toni Braxton,You're Makin' Me High/Let It FlowToni Braxton,1,48,1,41,Pop,1990-1999
http://www.billboard.com/charts/hot-100/1997-03-29,3/29/1997,45,I Love You Always Forever,Donna Lewis,I Love You Always ForeverDonna Lewis,1,42,2,41,Adult Contemporary,1990-1999
http://www.billboard.com/charts/hot-100/1998-04-18,4/18/1998,50,All For You,Sister Hazel,All For YouSister Hazel,1,45,11,41,Rock,1990-1999
http://www.billboard.com/charts/hot-100/1993-10-09,10/9/1993,50,Dazzey Duks,Duice,Dazzey DuksDuice,1,38,12,40,Hip-Hop/Rap,1990-1999
http://www.billboard.com/charts/hot-100/1995-05-06,5/6/1995,46,I'm The Only One,Melissa Etheridge,I'm The Only OneMelissa Etheridge,1,47,8,40,Rock,1990-1999
http://www.billboard.com/charts/hot-100/1996-11-09,11/9/1996,42,Insensitive,Jann Arden,"Insensitive (From ""Bed Of Roses"")Jann Arden",1,39,12,40,Rock,1990-1999
http://www.billboard.com/charts/hot-100/1997-03-15,3/15/1997,47,This Is Your Night,Amber,This Is Your NightAmber,1,40,24,40,Pop,1990-1999
http://www.billboard.com/charts/hot-100/1997-11-29,11/29/1997,49,Return Of The Mack,Mark Morrison,Return Of The MackMark Morrison,1,46,2,40,Contemporary R&B,1990-1999
http://www.billboard.com/charts/hot-100/1999-10-02,10/2/1999,49,I Will Remember You (Live),Sarah McLachlan,I Will Remember You (Live)Sarah McLachlan,2,36,14,40,Alternative/Indie,1990-1999
http://www.billboard.com/charts/hot-100/1999-10-02,10/2/1999,49,I Will Remember You (Live),Sarah McLachlan,I Will Remember You (Live)Sarah McLachlan,2,36,14,40,Pop,1990-1999
http://www.billboard.com/charts/hot-100/1990-04-21,4/21/1990,90,Bust A Move,Young M.C.,Bust A MoveYoung M.C.,1,78,7,39,Hip-Hop/Rap,1990-1999
http://www.billboard.com/charts/hot-100/1993-05-08,5/8/1993,50,Rhythm Is A Dancer,Snap!,Rhythm Is A DancerSnap!,1,50,5,39,House,1990-1999
http://www.billboard.com/charts/hot-100/1993-05-08,5/8/1993,50,Rhythm Is A Dancer,Snap!,Rhythm Is A DancerSnap!,1,50,5,39,Dance/Electronic,1990-1999
http://www.billboard.com/charts/hot-100/1996-02-03,2/3/1996,50,December,Collective Soul,DecemberCollective Soul,1,43,20,39,Hard Rock,1990-1999
http://www.billboard.com/charts/hot-100/1996-12-28,12/28/1996,48,Give Me One Reason,Tracy Chapman,Give Me One ReasonTracy Chapman,1,48,3,39,Singer-Songwriter,1990-1999
http://www.billboard.com/charts/hot-100/1997-03-29,3/29/1997,49,Where Do You Go,No Mercy,Where Do You GoNo Mercy,1,40,5,39,DancePop,1990-1999
http://www.billboard.com/charts/hot-100/1997-03-29,3/29/1997,49,Where Do You Go,No Mercy,Where Do You GoNo Mercy,1,40,5,39,Pop,1990-1999
http://www.billboard.com/charts/hot-100/1993-06-12,6/12/1993,95,Tarzan Boy,Baltimora,"Tarzan Boy (From ""Teenage Mutant Ninja Turtles III"")Baltimora",2,93,51,38,Pop,1990-1999
http://www.billboard.com/charts/hot-100/2009-10-10,10/10/2009,48,I'm Yours,Jason Mraz,I'm YoursJason Mraz,1,49,6,76,Singer-Songwriter,2000-2009
http://www.billboard.com/charts/hot-100/2007-12-01,12/1/2007,47,Before He Cheats,Carrie Underwood,Before He CheatsCarrie Underwood,1,43,8,64,Country,2000-2009
http://www.billboard.com/charts/hot-100/2006-04-22,4/22/2006,49,You And Me,Lifehouse,You And MeLifehouse,2,45,5,62,Pop,2000-2009
http://www.billboard.com/charts/hot-100/2000-09-02,9/2/2000,48,Smooth,Santana,SmoothSantana Featuring Rob Thomas,1,46,1,58,Hard Rock,2000-2009
http://www.billboard.com/charts/hot-100/2000-09-02,9/2/2000,48,Smooth,Santana,SmoothSantana Featuring Rob Thomas,1,46,1,58,Rock,2000-2009
http://www.billboard.com/charts/hot-100/2007-06-02,6/2/2007,48,How To Save A Life,The Fray,How To Save A LifeThe Fray,2,43,3,58,Rock,2000-2009
http://www.billboard.com/charts/hot-100/2000-12-02,12/2/2000,49,Higher,Creed,HigherCreed,2,50,7,57,Hip-Hop/Rap,2000-2009
http://www.billboard.com/charts/hot-100/2001-05-26,5/26/2001,48,The Way You Love Me,Faith Hill,The Way You Love MeFaith Hill,2,45,6,56,Country music,2000-2009
http://www.billboard.com/charts/hot-100/2001-05-26,5/26/2001,48,The Way You Love Me,Faith Hill,The Way You Love MeFaith Hill,2,45,6,56,Country,2000-2009
http://www.billboard.com/charts/hot-100/2000-08-19,8/19/2000,50,Amazed,Lonestar,AmazedLonestar,2,45,1,55,Country music,2000-2009
http://www.billboard.com/charts/hot-100/2000-08-19,8/19/2000,50,Amazed,Lonestar,AmazedLonestar,2,45,1,55,Country,2000-2009
http://www.billboard.com/charts/hot-100/2002-02-16,2/16/2002,49,Hanging By A Moment,Lifehouse,Hanging By A MomentLifehouse,1,48,2,54,Rock,2000-2009
http://www.billboard.com/charts/hot-100/2004-03-27,3/27/2004,50,Unwell,matchbox twenty,Unwellmatchbox twenty,1,49,5,54,Rock,2000-2009
http://www.billboard.com/charts/hot-100/2000-11-04,11/4/2000,47,Breathe,Faith Hill,BreatheFaith Hill,1,48,2,53,Country music,2000-2009
http://www.billboard.com/charts/hot-100/2000-11-04,11/4/2000,47,Breathe,Faith Hill,BreatheFaith Hill,1,48,2,53,Country,2000-2009
http://www.billboard.com/charts/hot-100/2001-04-07,4/7/2001,49,Kryptonite,3 Doors Down,Kryptonite3 Doors Down,1,42,3,53,Hard Rock,2000-2009
http://www.billboard.com/charts/hot-100/2001-04-07,4/7/2001,49,Kryptonite,3 Doors Down,Kryptonite3 Doors Down,1,42,3,53,Rock,2000-2009
http://www.billboard.com/charts/hot-100/2002-03-16,3/16/2002,47,Drops Of Jupiter,Train,Drops Of Jupiter (Tell Me)Train,1,45,5,53,Pop rock,2000-2009
http://www.billboard.com/charts/hot-100/2004-08-14,8/14/2004,50,Here Without You,3 Doors Down,Here Without You3 Doors Down,1,45,5,51,Post-grunge,2000-2009
http://www.billboard.com/charts/hot-100/2004-08-14,8/14/2004,50,Here Without You,3 Doors Down,Here Without You3 Doors Down,1,45,5,51,Hard Rock,2000-2009
http://www.billboard.com/charts/hot-100/2004-08-14,8/14/2004,50,Here Without You,3 Doors Down,Here Without You3 Doors Down,1,45,5,51,Rock,2000-2009
http://www.billboard.com/charts/hot-100/2007-02-03,2/3/2007,44,What Hurts The Most,Rascal Flatts,What Hurts The MostRascal Flatts,1,43,6,51,Country music,2000-2009
http://www.billboard.com/charts/hot-100/2007-02-03,2/3/2007,44,What Hurts The Most,Rascal Flatts,What Hurts The MostRascal Flatts,1,43,6,51,CountryPop,2000-2009
http://www.billboard.com/charts/hot-100/2007-02-03,2/3/2007,44,What Hurts The Most,Rascal Flatts,What Hurts The MostRascal Flatts,1,43,6,51,Country,2000-2009
http://www.billboard.com/charts/hot-100/2009-05-09,5/9/2009,48,Viva La Vida,Coldplay,Viva La VidaColdplay,1,45,1,51,BritPop,2000-2009
http://www.billboard.com/charts/hot-100/2009-05-09,5/9/2009,48,Viva La Vida,Coldplay,Viva La VidaColdplay,1,45,1,51,Rock,2000-2009
http://www.billboard.com/charts/hot-100/2004-07-31,7/31/2004,48,Someday,Nickelback,SomedayNickelback,1,46,7,50,Hard Rock,2000-2009
http://www.billboard.com/charts/hot-100/2004-07-31,7/31/2004,48,Someday,Nickelback,SomedayNickelback,1,46,7,50,Rock,2000-2009
http://www.billboard.com/charts/hot-100/2008-05-31,5/31/2008,50,Paralyzer,Finger Eleven,ParalyzerFinger Eleven,1,41,6,50,Alternative/Indie,2000-2009
http://www.billboard.com/charts/hot-100/2008-05-31,5/31/2008,50,Paralyzer,Finger Eleven,ParalyzerFinger Eleven,1,41,6,50,Rock,2000-2009
http://www.billboard.com/charts/hot-100/2002-08-10,8/10/2002,50,How You Remind Me,Nickelback,How You Remind MeNickelback,1,45,1,49,Post-grunge,2000-2009
http://www.billboard.com/charts/hot-100/2008-01-26,1/26/2008,49,Rockstar,Nickelback,RockstarNickelback,2,38,6,49,Hard Rock,2000-2009
http://www.billboard.com/charts/hot-100/2008-01-26,1/26/2008,49,Rockstar,Nickelback,RockstarNickelback,2,38,6,49,Rock,2000-2009
http://www.billboard.com/charts/hot-100/2009-07-25,7/25/2009,48,Just Dance,Lady Gaga,Just DanceLady Gaga Featuring Colby O'Donis,2,42,1,49,Dance/Electronic,2000-2009
http://www.billboard.com/charts/hot-100/2009-07-25,7/25/2009,48,Just Dance,Lady Gaga,Just DanceLady Gaga Featuring Colby O'Donis,2,42,1,49,DancePop,2000-2009
http://www.billboard.com/charts/hot-100/2009-07-25,7/25/2009,48,Just Dance,Lady Gaga,Just DanceLady Gaga Featuring Colby O'Donis,2,42,1,49,Pop,2000-2009
http://www.billboard.com/charts/hot-100/2009-08-29,8/29/2009,49,Love Story,Taylor Swift,Love StoryTaylor Swift,1,46,4,49,Country music,2000-2009
http://www.billboard.com/charts/hot-100/2009-08-29,8/29/2009,49,Love Story,Taylor Swift,Love StoryTaylor Swift,1,46,4,49,Country,2000-2009
http://www.billboard.com/charts/hot-100/2009-08-29,8/29/2009,49,Love Story,Taylor Swift,Love StoryTaylor Swift,1,46,4,49,CountryPop,2000-2009
http://www.billboard.com/charts/hot-100/2009-08-29,8/29/2009,49,Love Story,Taylor Swift,Love StoryTaylor Swift,1,46,4,49,Pop,2000-2009
http://www.billboard.com/charts/hot-100/2001-08-04,8/4/2001,48,I Hope You Dance,Lee Ann Womack,I Hope You DanceLee Ann Womack,2,46,14,48,Country music,2000-2009
http://www.billboard.com/charts/hot-100/2001-08-04,8/4/2001,48,I Hope You Dance,Lee Ann Womack,I Hope You DanceLee Ann Womack,2,46,14,48,Country,2000-2009
http://www.billboard.com/charts/hot-100/2001-08-04,8/4/2001,48,I Hope You Dance,Lee Ann Womack,I Hope You DanceLee Ann Womack,2,46,14,48,CountryPop,2000-2009
http://www.billboard.com/charts/hot-100/2008-03-29,3/29/2008,45,Big Girls Don't Cry,Fergie,Big Girls Don't CryFergie,1,41,1,48,R&B/Soul,2000-2009
http://www.billboard.com/charts/hot-100/2008-03-29,3/29/2008,45,Big Girls Don't Cry,Fergie,Big Girls Don't CryFergie,1,41,1,48,Pop,2000-2009
http://www.billboard.com/charts/hot-100/2008-05-17,5/17/2008,49,Teardrops On My Guitar,Taylor Swift,Teardrops On My GuitarTaylor Swift,2,48,13,48,Pop,2000-2009
http://www.billboard.com/charts/hot-100/2001-03-31,3/31/2001,41,With Arms Wide Open,Creed,With Arms Wide OpenCreed,1,37,1,47,Hard Rock,2000-2009
http://www.billboard.com/charts/hot-100/2008-05-31,5/31/2008,48,Bubbly,Colbie Caillat,BubblyColbie Caillat,3,46,5,47,Surf,2000-2009
http://www.billboard.com/charts/hot-100/2008-05-31,5/31/2008,48,Bubbly,Colbie Caillat,BubblyColbie Caillat,3,46,5,47,Adult Contemporary,2000-2009
http://www.billboard.com/charts/hot-100/2008-05-31,5/31/2008,48,Bubbly,Colbie Caillat,BubblyColbie Caillat,3,46,5,47,Folk,2000-2009
http://www.billboard.com/charts/hot-100/2008-05-31,5/31/2008,48,Bubbly,Colbie Caillat,BubblyColbie Caillat,3,46,5,47,Pop,2000-2009
http://www.billboard.com/charts/hot-100/2008-07-05,7/5/2008,50,Apologize,Timbaland Featuring OneRepublic,ApologizeTimbaland Featuring OneRepublic,2,39,2,47,Pop,2000-2009
http://www.billboard.com/charts/hot-100/2008-07-05,7/5/2008,50,Apologize,Timbaland Featuring OneRepublic,ApologizeTimbaland Featuring OneRepublic,2,39,2,47,Hip-Hop/Rap,2000-2009
http://www.billboard.com/charts/hot-100/2002-02-23,2/23/2002,48,It's Been Awhile,Staind,It's Been AwhileStaind,1,46,5,46,Alt Metal,2000-2009
http://www.billboard.com/charts/hot-100/2005-07-09,7/9/2005,50,Breakaway,Kelly Clarkson,BreakawayKelly Clarkson,1,42,6,46,Pop,2000-2009
http://www.billboard.com/charts/hot-100/2005-10-29,10/29/2005,43,Since U Been Gone,Kelly Clarkson,Since U Been GoneKelly Clarkson,1,41,2,46,Pop,2000-2009
http://www.billboard.com/charts/hot-100/2002-09-14,9/14/2002,45,Wherever You Will Go,The Calling,Wherever You Will GoThe Calling,1,42,5,45,Post-grunge,2000-2009
http://www.billboard.com/charts/hot-100/2003-09-27,9/27/2003,47,When I'm Gone,3 Doors Down,When I'm Gone3 Doors Down,1,45,4,45,Hard Rock,2000-2009
http://www.billboard.com/charts/hot-100/2003-09-27,9/27/2003,47,When I'm Gone,3 Doors Down,When I'm Gone3 Doors Down,1,45,4,45,Rock,2000-2009
http://www.billboard.com/charts/hot-100/2004-03-06,3/6/2004,49,Get Low,Lil Jon & The East Side Boyz,Get LowLil Jon & The East Side Boyz Featuring Ying Yang Twins,1,36,2,45,Hip-Hop/Rap,2000-2009
http://www.billboard.com/charts/hot-100/2004-11-13,11/13/2004,49,Yeah!,Usher Featuring Lil Jon & Ludacris,Yeah!Usher Featuring Lil Jon & Ludacris,1,49,1,45,Hip hop,2000-2009
http://www.billboard.com/charts/hot-100/2004-11-13,11/13/2004,49,Yeah!,Usher Featuring Lil Jon & Ludacris,Yeah!Usher Featuring Lil Jon & Ludacris,1,49,1,45,Contemporary R&B,2000-2009
http://www.billboard.com/charts/hot-100/2006-04-01,4/1/2006,50,Feel Good Inc,Gorillaz,Feel Good IncGorillaz,1,43,14,45,Alternative/Indie,2000-2009
http://www.billboard.com/charts/hot-100/2007-04-07,4/7/2007,45,Chasing Cars,Snow Patrol,Chasing CarsSnow Patrol,1,40,5,45,BritPop,2000-2009
http://www.billboard.com/charts/hot-100/2007-04-07,4/7/2007,45,Chasing Cars,Snow Patrol,Chasing CarsSnow Patrol,1,40,5,45,Alternative/Indie,2000-2009
http://www.billboard.com/charts/hot-100/2007-04-07,4/7/2007,45,Chasing Cars,Snow Patrol,Chasing CarsSnow Patrol,1,40,5,45,Rock,2000-2009
http://www.billboard.com/charts/hot-100/2000-10-28,10/28/2000,45,I Wanna Know,Joe,I Wanna KnowJoe,1,32,4,44,Contemporary R&B,2000-2009
http://www.billboard.com/charts/hot-100/2000-10-28,10/28/2000,45,I Wanna Know,Joe,I Wanna KnowJoe,1,32,4,44,R&B/Soul,2000-2009
http://www.billboard.com/charts/hot-100/2000-10-28,10/28/2000,45,I Wanna Know,Joe,I Wanna KnowJoe,1,32,4,44,Vocal/Easy Listening,2000-2009
http://www.billboard.com/charts/hot-100/2000-10-28,10/28/2000,45,I Wanna Know,Joe,I Wanna KnowJoe,1,32,4,44,Pop,2000-2009
http://www.billboard.com/charts/hot-100/2000-10-28,10/28/2000,45,I Wanna Know,Joe,I Wanna KnowJoe,1,32,4,44,Hip-Hop/Rap,2000-2009
http://www.billboard.com/charts/hot-100/2004-02-14,2/14/2004,50,Headstrong,Trapt,HeadstrongTrapt,2,47,16,43,Hard Rock,2000-2009
http://www.billboard.com/charts/hot-100/2004-02-14,2/14/2004,50,Headstrong,Trapt,HeadstrongTrapt,2,47,16,43,Rock,2000-2009
http://www.billboard.com/charts/hot-100/2004-12-04,12/4/2004,49,This Love,Maroon 5,This LoveMaroon 5,1,46,5,43,Pop,2000-2009
http://www.billboard.com/charts/hot-100/2006-02-04,2/4/2006,48,We Belong Together,Mariah Carey,We Belong TogetherMariah Carey,1,44,1,43,Pop,2000-2009
http://www.billboard.com/charts/hot-100/2006-02-04,2/4/2006,38,Beverly Hills,Weezer,Beverly HillsWeezer,1,26,10,43,Alternative/Indie,2000-2009
http://www.billboard.com/charts/hot-100/2007-06-16,6/16/2007,45,Face Down,The Red Jumpsuit Apparatus,Face DownThe Red Jumpsuit Apparatus,3,41,24,43,Rock,2000-2009
http://www.billboard.com/charts/hot-100/2000-02-12,2/12/2000,48,Where My Girls At,702,Where My Girls At?702,1,41,4,42,Contemporary R&B,2000-2009
http://www.billboard.com/charts/hot-100/2001-08-04,8/4/2001,47,If You're Gone,matchbox twenty,If You're Gonematchbox twenty,1,48,5,42,Rock,2000-2009
http://www.billboard.com/charts/hot-100/2002-05-04,5/4/2002,36,Can't Fight The Moonlight,LeAnn Rimes,Can't Fight The MoonlightLeAnn Rimes,2,30,11,42,Country music,2000-2009
http://www.billboard.com/charts/hot-100/2002-05-04,5/4/2002,36,Can't Fight The Moonlight,LeAnn Rimes,Can't Fight The MoonlightLeAnn Rimes,2,30,11,42,CountryPop,2000-2009
http://www.billboard.com/charts/hot-100/2003-08-23,8/23/2003,50,Ignition,R. Kelly,IgnitionR. Kelly,1,50,2,42,Contemporary R&B,2000-2009
http://www.billboard.com/charts/hot-100/2006-09-23,9/23/2006,48,Unwritten,Natasha Bedingfield,UnwrittenNatasha Bedingfield,1,44,5,42,Pop,2000-2009
http://www.billboard.com/charts/hot-100/2006-12-09,12/9/2006,44,Over My Head,The Fray,Over My Head (Cable Car)The Fray,1,42,8,42,Rock,2000-2009
http://www.billboard.com/charts/hot-100/2000-10-28,10/28/2000,50,Everything You Want,Vertical Horizon,Everything You WantVertical Horizon,1,47,1,41,Alternative/Indie,2000-2009
http://www.billboard.com/charts/hot-100/2000-10-28,10/28/2000,50,Everything You Want,Vertical Horizon,Everything You WantVertical Horizon,1,47,1,41,Pop,2000-2009
http://www.billboard.com/charts/hot-100/2014-05-10,5/10/2014,49,Radioactive,Imagine Dragons,RadioactiveImagine Dragons,2,48,3,87,Rock,2010-2018
http://www.billboard.com/charts/hot-100/2014-05-10,5/10/2014,49,Radioactive,Imagine Dragons,RadioactiveImagine Dragons,2,48,3,87,Electronic music,2010-2018
http://www.billboard.com/charts/hot-100/2014-05-10,5/10/2014,49,Radioactive,Imagine Dragons,RadioactiveImagine Dragons,2,48,3,87,Alternative rock,2010-2018
http://www.billboard.com/charts/hot-100/2014-05-10,5/10/2014,49,Radioactive,Imagine Dragons,RadioactiveImagine Dragons,2,48,3,87,Indie rock,2010-2018
http://www.billboard.com/charts/hot-100/2014-05-10,5/10/2014,49,Radioactive,Imagine Dragons,RadioactiveImagine Dragons,2,48,3,87,Alternative/Indie,2010-2018
http://www.billboard.com/charts/hot-100/2014-03-22,3/22/2014,45,Sail,AWOLNATION,SailAWOLNATION,2,41,17,79,Alternative/Indie,2010-2018
http://www.billboard.com/charts/hot-100/2014-03-22,3/22/2014,45,Sail,AWOLNATION,SailAWOLNATION,2,41,17,79,Alternative Hip-Hop/Rap,2010-2018
http://www.billboard.com/charts/hot-100/2012-07-21,7/21/2012,49,Party Rock Anthem,LMFAO Featuring Lauren Bennett & GoonRock,Party Rock AnthemLMFAO Featuring Lauren Bennett & GoonRock,2,50,1,68,Pop,2010-2018
http://www.billboard.com/charts/hot-100/2014-10-18,10/18/2014,50,Counting Stars,OneRepublic,Counting StarsOneRepublic,1,47,2,68,TeenPop,2010-2018
http://www.billboard.com/charts/hot-100/2014-10-18,10/18/2014,50,Counting Stars,OneRepublic,Counting StarsOneRepublic,1,47,2,68,Pop,2010-2018
http://www.billboard.com/charts/hot-100/2012-04-14,4/14/2012,49,Rolling In The Deep,Adele,Rolling In The DeepAdele,2,43,1,65,Pop,2010-2018
http://www.billboard.com/charts/hot-100/2013-08-24,8/24/2013,50,Ho Hey,The Lumineers,Ho HeyThe Lumineers,1,44,3,62,Alternative/Indie,2010-2018
http://www.billboard.com/charts/hot-100/2013-08-24,8/24/2013,50,Ho Hey,The Lumineers,Ho HeyThe Lumineers,1,44,3,62,Neo-Folk,2010-2018
http://www.billboard.com/charts/hot-100/2013-08-24,8/24/2013,50,Ho Hey,The Lumineers,Ho HeyThe Lumineers,1,44,3,62,Country,2010-2018
http://www.billboard.com/charts/hot-100/2014-07-05,7/5/2014,47,Demons,Imagine Dragons,DemonsImagine Dragons,3,45,6,61,Alternative/Indie,2010-2018
http://www.billboard.com/charts/hot-100/2010-10-16,10/16/2010,48,Need You Now,Lady Antebellum,Need You NowLady Antebellum,1,46,2,60,Country music,2010-2018
http://www.billboard.com/charts/hot-100/2010-10-16,10/16/2010,48,Need You Now,Lady Antebellum,Need You NowLady Antebellum,1,46,2,60,Country,2010-2018
http://www.billboard.com/charts/hot-100/2013-03-02,3/2/2013,36,Somebody That I Used To Know,Gotye Featuring Kimbra,Somebody That I Used To KnowGotye Featuring Kimbra,1,42,1,59,Alternative/Indie,2010-2018
http://www.billboard.com/charts/hot-100/2013-03-02,3/2/2013,36,Somebody That I Used To Know,Gotye Featuring Kimbra,Somebody That I Used To KnowGotye Featuring Kimbra,1,42,1,59,Pop,2010-2018
http://www.billboard.com/charts/hot-100/2014-12-06,12/6/2014,43,All Of Me,John Legend,All Of MeJohn Legend,3,36,1,59,R&B/Soul,2010-2018
http://www.billboard.com/charts/hot-100/2015-11-28,11/28/2015,45,Thinking Out Loud,Ed Sheeran,Thinking Out LoudEd Sheeran,1,41,2,58,Blue-eyed soul,2010-2018
http://www.billboard.com/charts/hot-100/2015-11-28,11/28/2015,45,Thinking Out Loud,Ed Sheeran,Thinking Out LoudEd Sheeran,1,41,2,58,Pop,2010-2018
https://www.billboard.com/charts/hot-100/2018-03-03,3/3/2018,24,Shape Of You,Ed Sheeran,Shape Of YouEd Sheeran,1,24,1,58,Pop,2010-2018
http://www.billboard.com/charts/hot-100/2010-03-13,3/13/2010,44,Use Somebody,Kings Of Leon,Use SomebodyKings Of Leon,2,44,4,57,Rock,2010-2018
http://www.billboard.com/charts/hot-100/2013-02-02,2/2/2013,50,Lights,Ellie Goulding,LightsEllie Goulding,2,49,2,57,Pop,2010-2018
http://www.billboard.com/charts/hot-100/2014-11-01,11/1/2014,49,Dark Horse,Katy Perry Featuring Juicy J,Dark HorseKaty Perry Featuring Juicy J,1,43,1,57,Pop,2010-2018
http://www.billboard.com/charts/hot-100/2010-07-17,7/17/2010,49,I Gotta Feeling,The Black Eyed Peas,I Gotta FeelingThe Black Eyed Peas,1,49,1,56,Pop,2010-2018
http://www.billboard.com/charts/hot-100/2013-03-30,3/30/2013,49,Some Nights,fun.,Some Nightsfun.,1,39,3,56,Alternative/Indie,2010-2018
http://www.billboard.com/charts/hot-100/2013-03-30,3/30/2013,49,Some Nights,fun.,Some Nightsfun.,1,39,3,56,Pop,2010-2018
http://www.billboard.com/charts/hot-100/2016-03-05,3/5/2016,22,Uptown Funk!,Mark Ronson Featuring Bruno Mars,Uptown Funk!Mark Ronson Featuring Bruno Mars,2,,22,56,Funk,2010-2018
http://www.billboard.com/charts/hot-100/2016-03-05,3/5/2016,22,Uptown Funk!,Mark Ronson Featuring Bruno Mars,Uptown Funk!Mark Ronson Featuring Bruno Mars,2,,22,56,Contemporary R&B,2010-2018
http://www.billboard.com/charts/hot-100/2016-03-05,3/5/2016,22,Uptown Funk!,Mark Ronson Featuring Bruno Mars,Uptown Funk!Mark Ronson Featuring Bruno Mars,2,,22,56,Boogie,2010-2018
https://www.billboard.com/charts/hot-100/2018-10-06,10/6/2018,21,Perfect,Ed Sheeran,PerfectEd Sheeran,2,23,1,56,Pop,2010-2018
http://www.billboard.com/charts/hot-100/2013-10-26,10/26/2013,50,Cruise,Florida Georgia Line,CruiseFlorida Georgia Line Featuring Nelly,2,48,4,54,Country,2010-2018
http://www.billboard.com/charts/hot-100/2013-10-26,10/26/2013,50,Cruise,Florida Georgia Line,CruiseFlorida Georgia Line Featuring Nelly,2,48,4,54,CountryPop,2010-2018
http://www.billboard.com/charts/hot-100/2015-05-02,5/2/2015,50,Stay With Me,Sam Smith,Stay With MeSam Smith,2,49,2,54,Soul music,2010-2018
http://www.billboard.com/charts/hot-100/2015-05-02,5/2/2015,50,Stay With Me,Sam Smith,Stay With MeSam Smith,2,49,2,54,Pop,2010-2018
https://www.billboard.com/charts/hot-100/2018-05-05,5/5/2018,34,Wake Me Up,Avicii,Wake Me Up!Avicii,2,,34,54,Country music,2010-2018
https://www.billboard.com/charts/hot-100/2018-05-05,5/5/2018,34,Wake Me Up,Avicii,Wake Me Up!Avicii,2,,34,54,Dance/Electronic,2010-2018
http://www.billboard.com/charts/hot-100/2011-12-10,12/10/2011,43,If I Die Young,The Band Perry,If I Die YoungThe Band Perry,2,41,14,53,Country music,2010-2018
http://www.billboard.com/charts/hot-100/2011-12-10,12/10/2011,43,If I Die Young,The Band Perry,If I Die YoungThe Band Perry,2,41,14,53,Country,2010-2018
http://www.billboard.com/charts/hot-100/2014-08-30,8/30/2014,46,Pompeii,Bastille,PompeiiBastille,1,44,5,53,Alternative/Indie,2010-2018
http://www.billboard.com/charts/hot-100/2015-11-28,11/28/2015,39,Shut Up And Dance,WALK THE MOON,Shut Up And DanceWALK THE MOON,2,38,4,53,New Wave/Post-Punk,2010-2018
http://www.billboard.com/charts/hot-100/2015-11-28,11/28/2015,39,Shut Up And Dance,WALK THE MOON,Shut Up And DanceWALK THE MOON,2,38,4,53,Alternative/Indie,2010-2018
http://www.billboard.com/charts/hot-100/2016-01-30,1/30/2016,39,Trap Queen,Fetty Wap,Trap QueenFetty Wap,1,35,2,52,Hip-Hop/Rap,2010-2018
http://www.billboard.com/charts/hot-100/2016-03-19,3/19/2016,49,See You Again,Wiz Khalifa Featuring Charlie Puth,See You AgainWiz Khalifa Featuring Charlie Puth,1,45,1,52,Hip-Hop/Rap,2010-2018
http://www.billboard.com/charts/hot-100/2016-06-04,6/4/2016,41,Stitches,Shawn Mendes,StitchesShawn Mendes,1,34,4,52,Pop,2010-2018
http://www.billboard.com/charts/hot-100/2016-10-01,10/1/2016,38,Stressed Out,twenty one pilots,Stressed Outtwenty one pilots,3,37,2,52,Rock,2010-2018
http://www.billboard.com/charts/hot-100/2016-10-01,10/1/2016,38,Stressed Out,twenty one pilots,Stressed Outtwenty one pilots,3,37,2,52,Hip-Hop/Rap,2010-2018
http://www.billboard.com/charts/hot-100/2017-02-25,2/25/2017,32,Cheap Thrills,Sia,Cheap ThrillsSia Featuring Sean Paul,1,30,1,52,Pop,2010-2018
http://www.billboard.com/charts/hot-100/2017-02-25,2/25/2017,44,Don't Let Me Down,The Chainsmokers,Don't Let Me DownThe Chainsmokers Featuring Daya,2,36,3,52,Trap music,2010-2018
http://www.billboard.com/charts/hot-100/2017-02-25,2/25/2017,44,Don't Let Me Down,The Chainsmokers,Don't Let Me DownThe Chainsmokers Featuring Daya,2,36,3,52,Pop,2010-2018
http://www.billboard.com/charts/hot-100/2017-02-25,2/25/2017,44,Don't Let Me Down,The Chainsmokers,Don't Let Me DownThe Chainsmokers Featuring Daya,2,36,3,52,Dance/Electronic,2010-2018
http://www.billboard.com/charts/hot-100/2017-05-20,5/20/2017,39,Can't Stop The Feeling!,Justin Timberlake,Can't Stop The Feeling!Justin Timberlake,1,38,1,52,Pop,2010-2018
http://www.billboard.com/charts/hot-100/2017-08-12,8/12/2017,39,Closer,The Chainsmokers Featuring Halsey,CloserThe Chainsmokers Featuring Halsey,1,36,1,52,Dance/Electronic,2010-2018
http://www.billboard.com/charts/hot-100/2017-08-12,8/12/2017,39,Closer,The Chainsmokers Featuring Halsey,CloserThe Chainsmokers Featuring Halsey,1,36,1,52,Pop,2010-2018
https://www.billboard.com/charts/hot-100/2017-11-04,11/4/2017,46,Say You Won't Let Go,James Arthur,Say You Won't Let GoJames Arthur,1,42,11,52,Pop music,2010-2018
https://www.billboard.com/charts/hot-100/2017-11-04,11/4/2017,46,Say You Won't Let Go,James Arthur,Say You Won't Let GoJames Arthur,1,42,11,52,Pop,2010-2018
http://www.billboard.com/charts/hot-100/2016-02-27,2/27/2016,47,Watch Me,Silento,Watch MeSilento,1,38,3,51,Pop,2010-2018
https://www.billboard.com/charts/hot-100/2018-01-20,1/20/2018,34,Despacito,Luis Fonsi & Daddy Yankee Featuring Justin Bieber,DespacitoLuis Fonsi & Daddy Yankee Featuring Justin Bieber,1,25,1,51,Reggaeton,2010-2018
https://www.billboard.com/charts/hot-100/2018-01-20,1/20/2018,34,Despacito,Luis Fonsi & Daddy Yankee Featuring Justin Bieber,DespacitoLuis Fonsi & Daddy Yankee Featuring Justin Bieber,1,25,1,51,Pop,2010-2018
https://www.billboard.com/charts/hot-100/2018-01-20,1/20/2018,34,Despacito,Luis Fonsi & Daddy Yankee Featuring Justin Bieber,DespacitoLuis Fonsi & Daddy Yankee Featuring Justin Bieber,1,25,1,51,LatinPop,2010-2018
https://www.billboard.com/charts/hot-100/2018-01-20,1/20/2018,38,That's What I Like,Bruno Mars,That's What I LikeBruno Mars,2,32,1,51,Contemporary R&B,2010-2018
https://www.billboard.com/charts/hot-100/2018-01-20,1/20/2018,38,That's What I Like,Bruno Mars,That's What I LikeBruno Mars,2,32,1,51,New jack swing,2010-2018
https://www.billboard.com/charts/hot-100/2018-01-20,1/20/2018,38,That's What I Like,Bruno Mars,That's What I LikeBruno Mars,2,32,1,51,Hip hop soul,2010-2018
https://www.billboard.com/charts/hot-100/2018-02-10,2/10/2018,29,Believer,Imagine Dragons,BelieverImagine Dragons,1,28,4,51,Pop rock,2010-2018
https://www.billboard.com/charts/hot-100/2018-02-10,2/10/2018,29,Believer,Imagine Dragons,BelieverImagine Dragons,1,28,4,51,Pop,2010-2018
https://www.billboard.com/charts/hot-100/2018-05-05,5/5/2018,45,Thunder,Imagine Dragons,ThunderImagine Dragons,1,34,4,51,Synth-pop,2010-2018
https://www.billboard.com/charts/hot-100/2018-10-27,10/27/2018,31,Meant To Be,Bebe Rexha,Meant To BeBebe Rexha & Florida Georgia Line,1,34,2,51,Pop,2010-2018
https://www.billboard.com/charts/hot-100/2018-10-27,10/27/2018,31,Meant To Be,Bebe Rexha,Meant To BeBebe Rexha & Florida Georgia Line,1,34,2,51,Contemporary R&B,2010-2018
https://www.billboard.com/charts/hot-100/2018-10-27,10/27/2018,31,Meant To Be,Bebe Rexha,Meant To BeBebe Rexha & Florida Georgia Line,1,34,2,51,CountryPop,2010-2018
http://www.billboard.com/charts/hot-100/2010-04-17,4/17/2010,50,You Belong With Me,Taylor Swift,You Belong With MeTaylor Swift,2,45,2,50,CountryPop,2010-2018
http://www.billboard.com/charts/hot-100/2010-04-17,4/17/2010,50,You Belong With Me,Taylor Swift,You Belong With MeTaylor Swift,2,45,2,50,Pop,2010-2018
http://www.billboard.com/charts/hot-100/2013-02-16,2/16/2013,48,Call Me Maybe,Carly Rae Jepsen,Call Me MaybeCarly Rae Jepsen,1,43,1,50,TeenPop,2010-2018
http://www.billboard.com/charts/hot-100/2013-02-16,2/16/2013,48,Call Me Maybe,Carly Rae Jepsen,Call Me MaybeCarly Rae Jepsen,1,43,1,50,Pop,2010-2018
http://www.billboard.com/charts/hot-100/2015-08-15,8/15/2015,50,Shake It Off,Taylor Swift,Shake It OffTaylor Swift,1,47,1,50,Electropop,2010-2018
http://www.billboard.com/charts/hot-100/2015-08-15,8/15/2015,50,Shake It Off,Taylor Swift,Shake It OffTaylor Swift,1,47,1,50,Pop,2010-2018
https://www.billboard.com/charts/hot-100/2017-12-23,12/23/2017,49,Congratulations,Post Malone Featuring Quavo,CongratulationsPost Malone Featuring Quavo,2,45,8,50,Hip-Hop/Rap,2010-2018
http://www.billboard.com/charts/hot-100/2012-06-09,6/9/2012,48,Moves Like Jagger,Maroon 5 Featuring Christina Aguilera,Moves Like JaggerMaroon 5 Featuring Christina Aguilera,1,49,1,49,Dance/Electronic,2010-2018
http://www.billboard.com/charts/hot-100/2013-09-21,9/21/2013,47,Thrift Shop,Macklemore & Ryan Lewis Featuring Wanz,Thrift ShopMacklemore & Ryan Lewis Featuring Wanz,2,37,1,49,Hip-Hop/Rap,2010-2018
http://www.billboard.com/charts/hot-100/2011-07-02,7/2/2011,48,Just The Way You Are,Bruno Mars,Just The Way You AreBruno Mars,1,44,1,48,Pop,2010-2018
http://www.billboard.com/charts/hot-100/2011-08-06,8/6/2011,50,Fuck You,Cee Lo Green,F**k You! (Forget You)Cee Lo Green,1,50,2,48,Pop,2010-2018
http://www.billboard.com/charts/hot-100/2013-05-04,5/4/2013,50,Little Talks,Of Monsters And Men,Little TalksOf Monsters And Men,2,49,20,48,Alternative/Indie,2010-2018
http://www.billboard.com/charts/hot-100/2013-05-04,5/4/2013,50,Little Talks,Of Monsters And Men,Little TalksOf Monsters And Men,2,49,20,48,Neo-Folk,2010-2018
http://www.billboard.com/charts/hot-100/2014-03-29,3/29/2014,48,Blurred Lines,Robin Thicke Featuring T.I. + Pharrell,Blurred LinesRobin Thicke Featuring T.I. + Pharrell,1,43,1,48,Contemporary R&B,2010-2018
http://www.billboard.com/charts/hot-100/2014-03-29,3/29/2014,48,Blurred Lines,Robin Thicke Featuring T.I. + Pharrell,Blurred LinesRobin Thicke Featuring T.I. + Pharrell,1,43,1,48,Pop,2010-2018
